kelas,hari,tanggal,mata_kuliah,waktu
1ka01,Jum'at,01 Agustus 2025,Teori Organisasi Umum,09.15 - 10.15
1ka01,Sabtu,02 Agustus 2025,Teknologi Kecerdasan Artifisial,09.15 - 10.15
1ka01,Senin,04 Agustus 2025,Matematika Dasar 2,15.30 - 16.30
1ka01,Selasa,05 Agustus 2025,Bahasa Indonesia,09.15 - 10.15
1ka01,Rabu,06 Agustus 2025,Pendidikan Kewarganegaraan,13.00 - 14.00
1ka01,Kamis,07 Agustus 2025,Pendidikan Agama Buddha,09.15 - 10.15
1ka01,Kamis,07 Agustus 2025,Pendidikan Agama Hindu,09.15 - 10.15
1ka01,Kamis,07 Agustus 2025,Pendidikan Agama Islam,09.15 - 10.15
1ka01,Kamis,07 Agustus 2025,Pendidikan Agama Katholik,09.15 - 10.15
1ka01,Kamis,07 Agustus 2025,Pendidikan Agama Khonghucu,09.15 - 10.15
1ka01,Kamis,07 Agustus 2025,Pendidikan Agama Kristen,09.15 - 10.15
1ka02,Jum'at,01 Agustus 2025,Teori Organisasi Umum,09.15 - 10.15
1ka02,Sabtu,02 Agustus 2025,Teknologi Kecerdasan Artifisial,09.15 - 10.15
1ka02,Senin,04 Agustus 2025,Matematika Dasar 2,15.30 - 16.30
1ka02,Selasa,05 Agustus 2025,Bahasa Indonesia,09.15 - 10.15
1ka02,Rabu,06 Agustus 2025,Pendidikan Kewarganegaraan,13.00 - 14.00
1ka02,Kamis,07 Agustus 2025,Pendidikan Agama Buddha,09.15 - 10.15
1ka02,Kamis,07 Agustus 2025,Pendidikan Agama Hindu,09.15 - 10.15
1ka02,Kamis,07 Agustus 2025,Pendidikan Agama Islam,09.15 - 10.15
1ka02,Kamis,07 Agustus 2025,Pendidikan Agama Katholik,09.15 - 10.15
1ka02,Kamis,07 Agustus 2025,Pendidikan Agama Khonghucu,09.15 - 10.15
1ka02,Kamis,07 Agustus 2025,Pendidikan Agama Kristen,09.15 - 10.15
1ka03,Jum'at,01 Agustus 2025,Teori Organisasi Umum,09.15 - 10.15
1ka03,Sabtu,02 Agustus 2025,Teknologi Kecerdasan Artifisial,09.15 - 10.15
1ka03,Senin,04 Agustus 2025,Matematika Dasar 2,15.30 - 16.30
1ka03,Selasa,05 Agustus 2025,Bahasa Indonesia,09.15 - 10.15
1ka03,Rabu,06 Agustus 2025,Pendidikan Kewarganegaraan,13.00 - 14.00
1ka03,Kamis,07 Agustus 2025,Pendidikan Agama Buddha,09.15 - 10.15
1ka03,Kamis,07 Agustus 2025,Pendidikan Agama Hindu,09.15 - 10.15
1ka03,Kamis,07 Agustus 2025,Pendidikan Agama Islam,09.15 - 10.15
1ka03,Kamis,07 Agustus 2025,Pendidikan Agama Katholik,09.15 - 10.15
1ka03,Kamis,07 Agustus 2025,Pendidikan Agama Khonghucu,09.15 - 10.15
1ka03,Kamis,07 Agustus 2025,Pendidikan Agama Kristen,09.15 - 10.15
1ka04,Jum'at,01 Agustus 2025,Teori Organisasi Umum,09.15 - 10.15
1ka04,Sabtu,02 Agustus 2025,Teknologi Kecerdasan Artifisial,09.15 - 10.15
1ka04,Senin,04 Agustus 2025,Matematika Dasar 2,15.30 - 16.30
1ka04,Selasa,05 Agustus 2025,Bahasa Indonesia,09.15 - 10.15
1ka04,Rabu,06 Agustus 2025,Pendidikan Kewarganegaraan,13.00 - 14.00
1ka04,Kamis,07 Agustus 2025,Pendidikan Agama Buddha,09.15 - 10.15
1ka04,Kamis,07 Agustus 2025,Pendidikan Agama Hindu,09.15 - 10.15
1ka04,Kamis,07 Agustus 2025,Pendidikan Agama Islam,09.15 - 10.15
1ka04,Kamis,07 Agustus 2025,Pendidikan Agama Katholik,09.15 - 10.15
1ka04,Kamis,07 Agustus 2025,Pendidikan Agama Khonghucu,09.15 - 10.15
1ka04,Kamis,07 Agustus 2025,Pendidikan Agama Kristen,09.15 - 10.15
1ka05,Jum'at,01 Agustus 2025,Teori Organisasi Umum,09.15 - 10.15
1ka05,Sabtu,02 Agustus 2025,Teknologi Kecerdasan Artifisial,09.15 - 10.15
1ka05,Senin,04 Agustus 2025,Matematika Dasar 2,15.30 - 16.30
1ka05,Selasa,05 Agustus 2025,Bahasa Indonesia,09.15 - 10.15
1ka05,Rabu,06 Agustus 2025,Pendidikan Kewarganegaraan,13.00 - 14.00
1ka05,Kamis,07 Agustus 2025,Pendidikan Agama Buddha,09.15 - 10.15
1ka05,Kamis,07 Agustus 2025,Pendidikan Agama Hindu,09.15 - 10.15
1ka05,Kamis,07 Agustus 2025,Pendidikan Agama Islam,09.15 - 10.15
1ka05,Kamis,07 Agustus 2025,Pendidikan Agama Katholik,09.15 - 10.15
1ka05,Kamis,07 Agustus 2025,Pendidikan Agama Khonghucu,09.15 - 10.15
1ka05,Kamis,07 Agustus 2025,Pendidikan Agama Kristen,09.15 - 10.15
1ka06,Jum'at,01 Agustus 2025,Teori Organisasi Umum,09.15 - 10.15
1ka06,Sabtu,02 Agustus 2025,Teknologi Kecerdasan Artifisial,09.15 - 10.15
1ka06,Senin,04 Agustus 2025,Matematika Dasar 2,15.30 - 16.30
1ka06,Selasa,05 Agustus 2025,Bahasa Indonesia,09.15 - 10.15
1ka06,Rabu,06 Agustus 2025,Pendidikan Kewarganegaraan,13.00 - 14.00
1ka06,Kamis,07 Agustus 2025,Pendidikan Agama Buddha,09.15 - 10.15
1ka06,Kamis,07 Agustus 2025,Pendidikan Agama Hindu,09.15 - 10.15
1ka06,Kamis,07 Agustus 2025,Pendidikan Agama Islam,09.15 - 10.15
1ka06,Kamis,07 Agustus 2025,Pendidikan Agama Katholik,09.15 - 10.15
1ka06,Kamis,07 Agustus 2025,Pendidikan Agama Khonghucu,09.15 - 10.15
1ka06,Kamis,07 Agustus 2025,Pendidikan Agama Kristen,09.15 - 10.15
1ka07,Jum'at,01 Agustus 2025,Teori Organisasi Umum,09.15 - 10.15
1ka07,Sabtu,02 Agustus 2025,Teknologi Kecerdasan Artifisial,09.15 - 10.15
1ka07,Senin,04 Agustus 2025,Matematika Dasar 2,15.30 - 16.30
1ka07,Selasa,05 Agustus 2025,Bahasa Indonesia,09.15 - 10.15
1ka07,Rabu,06 Agustus 2025,Pendidikan Kewarganegaraan,13.00 - 14.00
1ka07,Kamis,07 Agustus 2025,Pendidikan Agama Buddha,09.15 - 10.15
1ka07,Kamis,07 Agustus 2025,Pendidikan Agama Hindu,09.15 - 10.15
1ka07,Kamis,07 Agustus 2025,Pendidikan Agama Islam,09.15 - 10.15
1ka07,Kamis,07 Agustus 2025,Pendidikan Agama Katholik,09.15 - 10.15
1ka07,Kamis,07 Agustus 2025,Pendidikan Agama Khonghucu,09.15 - 10.15
1ka07,Kamis,07 Agustus 2025,Pendidikan Agama Kristen,09.15 - 10.15
1ka08,Jum'at,01 Agustus 2025,Teori Organisasi Umum,09.15 - 10.15
1ka08,Sabtu,02 Agustus 2025,Teknologi Kecerdasan Artifisial,09.15 - 10.15
1ka08,Senin,04 Agustus 2025,Matematika Dasar 2,15.30 - 16.30
1ka08,Selasa,05 Agustus 2025,Bahasa Indonesia,09.15 - 10.15
1ka08,Rabu,06 Agustus 2025,Pendidikan Kewarganegaraan,13.00 - 14.00
1ka08,Kamis,07 Agustus 2025,Pendidikan Agama Buddha,09.15 - 10.15
1ka08,Kamis,07 Agustus 2025,Pendidikan Agama Hindu,09.15 - 10.15
1ka08,Kamis,07 Agustus 2025,Pendidikan Agama Islam,09.15 - 10.15
1ka08,Kamis,07 Agustus 2025,Pendidikan Agama Katholik,09.15 - 10.15
1ka08,Kamis,07 Agustus 2025,Pendidikan Agama Khonghucu,09.15 - 10.15
1ka08,Kamis,07 Agustus 2025,Pendidikan Agama Kristen,09.15 - 10.15
1ka09,Jum'at,01 Agustus 2025,Teori Organisasi Umum,09.15 - 10.15
1ka09,Sabtu,02 Agustus 2025,Teknologi Kecerdasan Artifisial,09.15 - 10.15
1ka09,Senin,04 Agustus 2025,Matematika Dasar 2,15.30 - 16.30
1ka09,Selasa,05 Agustus 2025,Bahasa Indonesia,09.15 - 10.15
1ka09,Rabu,06 Agustus 2025,Pendidikan Kewarganegaraan,13.00 - 14.00
1ka09,Kamis,07 Agustus 2025,Pendidikan Agama Buddha,09.15 - 10.15
1ka09,Kamis,07 Agustus 2025,Pendidikan Agama Hindu,09.15 - 10.15
1ka09,Kamis,07 Agustus 2025,Pendidikan Agama Islam,09.15 - 10.15
1ka09,Kamis,07 Agustus 2025,Pendidikan Agama Katholik,09.15 - 10.15
1ka09,Kamis,07 Agustus 2025,Pendidikan Agama Khonghucu,09.15 - 10.15
1ka09,Kamis,07 Agustus 2025,Pendidikan Agama Kristen,09.15 - 10.15
1ka10,Jum'at,01 Agustus 2025,Teori Organisasi Umum,09.15 - 10.15
1ka10,Sabtu,02 Agustus 2025,Teknologi Kecerdasan Artifisial,09.15 - 10.15
1ka10,Senin,04 Agustus 2025,Matematika Dasar 2,15.30 - 16.30
1ka10,Selasa,05 Agustus 2025,Bahasa Indonesia,09.15 - 10.15
1ka10,Rabu,06 Agustus 2025,Pendidikan Kewarganegaraan,13.00 - 14.00
1ka10,Kamis,07 Agustus 2025,Pendidikan Agama Buddha,09.15 - 10.15
1ka10,Kamis,07 Agustus 2025,Pendidikan Agama Hindu,09.15 - 10.15
1ka10,Kamis,07 Agustus 2025,Pendidikan Agama Islam,09.15 - 10.15
1ka10,Kamis,07 Agustus 2025,Pendidikan Agama Katholik,09.15 - 10.15
1ka10,Kamis,07 Agustus 2025,Pendidikan Agama Khonghucu,09.15 - 10.15
1ka10,Kamis,07 Agustus 2025,Pendidikan Agama Kristen,09.15 - 10.15
1ka11,Jum'at,01 Agustus 2025,Teori Organisasi Umum,09.15 - 10.15
1ka11,Sabtu,02 Agustus 2025,Teknologi Kecerdasan Artifisial,09.15 - 10.15
1ka11,Senin,04 Agustus 2025,Matematika Dasar 2,15.30 - 16.30
1ka11,Selasa,05 Agustus 2025,Bahasa Indonesia,09.15 - 10.15
1ka11,Rabu,06 Agustus 2025,Pendidikan Kewarganegaraan,13.00 - 14.00
1ka11,Kamis,07 Agustus 2025,Pendidikan Agama Buddha,09.15 - 10.15
1ka11,Kamis,07 Agustus 2025,Pendidikan Agama Hindu,09.15 - 10.15
1ka11,Kamis,07 Agustus 2025,Pendidikan Agama Islam,09.15 - 10.15
1ka11,Kamis,07 Agustus 2025,Pendidikan Agama Katholik,09.15 - 10.15
1ka11,Kamis,07 Agustus 2025,Pendidikan Agama Khonghucu,09.15 - 10.15
1ka11,Kamis,07 Agustus 2025,Pendidikan Agama Kristen,09.15 - 10.15
1ka12,Jum'at,01 Agustus 2025,Teori Organisasi Umum,09.15 - 10.15
1ka12,Sabtu,02 Agustus 2025,Teknologi Kecerdasan Artifisial,09.15 - 10.15
1ka12,Senin,04 Agustus 2025,Matematika Dasar 2,15.30 - 16.30
1ka12,Selasa,05 Agustus 2025,Bahasa Indonesia,09.15 - 10.15
1ka12,Rabu,06 Agustus 2025,Pendidikan Kewarganegaraan,13.00 - 14.00
1ka12,Kamis,07 Agustus 2025,Pendidikan Agama Buddha,09.15 - 10.15
1ka12,Kamis,07 Agustus 2025,Pendidikan Agama Hindu,09.15 - 10.15
1ka12,Kamis,07 Agustus 2025,Pendidikan Agama Islam,09.15 - 10.15
1ka12,Kamis,07 Agustus 2025,Pendidikan Agama Katholik,09.15 - 10.15
1ka12,Kamis,07 Agustus 2025,Pendidikan Agama Khonghucu,09.15 - 10.15
1ka12,Kamis,07 Agustus 2025,Pendidikan Agama Kristen,09.15 - 10.15
1ka13,Jum'at,01 Agustus 2025,Teori Organisasi Umum,09.15 - 10.15
1ka13,Sabtu,02 Agustus 2025,Teknologi Kecerdasan Artifisial,09.15 - 10.15
1ka13,Senin,04 Agustus 2025,Matematika Dasar 2,15.30 - 16.30
1ka13,Selasa,05 Agustus 2025,Bahasa Indonesia,09.15 - 10.15
1ka13,Rabu,06 Agustus 2025,Pendidikan Kewarganegaraan,13.00 - 14.00
1ka13,Kamis,07 Agustus 2025,Pendidikan Agama Buddha,09.15 - 10.15
1ka13,Kamis,07 Agustus 2025,Pendidikan Agama Hindu,09.15 - 10.15
1ka13,Kamis,07 Agustus 2025,Pendidikan Agama Islam,09.15 - 10.15
1ka13,Kamis,07 Agustus 2025,Pendidikan Agama Katholik,09.15 - 10.15
1ka13,Kamis,07 Agustus 2025,Pendidikan Agama Khonghucu,09.15 - 10.15
1ka13,Kamis,07 Agustus 2025,Pendidikan Agama Kristen,09.15 - 10.15
1ka14,Jum'at,01 Agustus 2025,Teori Organisasi Umum,09.15 - 10.15
1ka14,Sabtu,02 Agustus 2025,Teknologi Kecerdasan Artifisial,09.15 - 10.15
1ka14,Senin,04 Agustus 2025,Matematika Dasar 2,15.30 - 16.30
1ka14,Selasa,05 Agustus 2025,Bahasa Indonesia,09.15 - 10.15
1ka14,Rabu,06 Agustus 2025,Pendidikan Kewarganegaraan,13.00 - 14.00
1ka14,Kamis,07 Agustus 2025,Pendidikan Agama Buddha,09.15 - 10.15
1ka14,Kamis,07 Agustus 2025,Pendidikan Agama Hindu,09.15 - 10.15
1ka14,Kamis,07 Agustus 2025,Pendidikan Agama Islam,09.15 - 10.15
1ka14,Kamis,07 Agustus 2025,Pendidikan Agama Katholik,09.15 - 10.15
1ka14,Kamis,07 Agustus 2025,Pendidikan Agama Khonghucu,09.15 - 10.15
1ka14,Kamis,07 Agustus 2025,Pendidikan Agama Kristen,09.15 - 10.15
1ka15,Jum'at,01 Agustus 2025,Teori Organisasi Umum,09.15 - 10.15
1ka15,Sabtu,02 Agustus 2025,Teknologi Kecerdasan Artifisial,09.15 - 10.15
1ka15,Senin,04 Agustus 2025,Matematika Dasar 2,15.30 - 16.30
1ka15,Selasa,05 Agustus 2025,Bahasa Indonesia,09.15 - 10.15
1ka15,Rabu,06 Agustus 2025,Pendidikan Kewarganegaraan,13.00 - 14.00
1ka15,Kamis,07 Agustus 2025,Pendidikan Agama Buddha,09.15 - 10.15
1ka15,Kamis,07 Agustus 2025,Pendidikan Agama Hindu,09.15 - 10.15
1ka15,Kamis,07 Agustus 2025,Pendidikan Agama Islam,09.15 - 10.15
1ka15,Kamis,07 Agustus 2025,Pendidikan Agama Katholik,09.15 - 10.15
1ka15,Kamis,07 Agustus 2025,Pendidikan Agama Khonghucu,09.15 - 10.15
1ka15,Kamis,07 Agustus 2025,Pendidikan Agama Kristen,09.15 - 10.15
1ka16,Jum'at,01 Agustus 2025,Teori Organisasi Umum,09.15 - 10.15
1ka16,Sabtu,02 Agustus 2025,Teknologi Kecerdasan Artifisial,09.15 - 10.15
1ka16,Senin,04 Agustus 2025,Matematika Dasar 2,15.30 - 16.30
1ka16,Selasa,05 Agustus 2025,Bahasa Indonesia,09.15 - 10.15
1ka16,Rabu,06 Agustus 2025,Pendidikan Kewarganegaraan,13.00 - 14.00
1ka16,Kamis,07 Agustus 2025,Pendidikan Agama Buddha,09.15 - 10.15
1ka16,Kamis,07 Agustus 2025,Pendidikan Agama Hindu,09.15 - 10.15
1ka16,Kamis,07 Agustus 2025,Pendidikan Agama Islam,09.15 - 10.15
1ka16,Kamis,07 Agustus 2025,Pendidikan Agama Katholik,09.15 - 10.15
1ka16,Kamis,07 Agustus 2025,Pendidikan Agama Khonghucu,09.15 - 10.15
1ka16,Kamis,07 Agustus 2025,Pendidikan Agama Kristen,09.15 - 10.15
1ka17,Jum'at,01 Agustus 2025,Teori Organisasi Umum,09.15 - 10.15
1ka17,Sabtu,02 Agustus 2025,Teknologi Kecerdasan Artifisial,09.15 - 10.15
1ka17,Senin,04 Agustus 2025,Matematika Dasar 2,15.30 - 16.30
1ka17,Selasa,05 Agustus 2025,Bahasa Indonesia,09.15 - 10.15
1ka17,Rabu,06 Agustus 2025,Pendidikan Kewarganegaraan,13.00 - 14.00
1ka17,Kamis,07 Agustus 2025,Pendidikan Agama Buddha,09.15 - 10.15
1ka17,Kamis,07 Agustus 2025,Pendidikan Agama Hindu,09.15 - 10.15
1ka17,Kamis,07 Agustus 2025,Pendidikan Agama Islam,09.15 - 10.15
1ka17,Kamis,07 Agustus 2025,Pendidikan Agama Katholik,09.15 - 10.15
1ka17,Kamis,07 Agustus 2025,Pendidikan Agama Khonghucu,09.15 - 10.15
1ka17,Kamis,07 Agustus 2025,Pendidikan Agama Kristen,09.15 - 10.15
1ka18,Jum'at,01 Agustus 2025,Teori Organisasi Umum,09.15 - 10.15
1ka18,Sabtu,02 Agustus 2025,Teknologi Kecerdasan Artifisial,09.15 - 10.15
1ka18,Senin,04 Agustus 2025,Matematika Dasar 2,15.30 - 16.30
1ka18,Selasa,05 Agustus 2025,Bahasa Indonesia,09.15 - 10.15
1ka18,Rabu,06 Agustus 2025,Pendidikan Kewarganegaraan,13.00 - 14.00
1ka18,Kamis,07 Agustus 2025,Pendidikan Agama Buddha,09.15 - 10.15
1ka18,Kamis,07 Agustus 2025,Pendidikan Agama Hindu,09.15 - 10.15
1ka18,Kamis,07 Agustus 2025,Pendidikan Agama Islam,09.15 - 10.15
1ka18,Kamis,07 Agustus 2025,Pendidikan Agama Katholik,09.15 - 10.15
1ka18,Kamis,07 Agustus 2025,Pendidikan Agama Khonghucu,09.15 - 10.15
1ka18,Kamis,07 Agustus 2025,Pendidikan Agama Kristen,09.15 - 10.15
1ka19,Jum'at,01 Agustus 2025,Teori Organisasi Umum,09.15 - 10.15
1ka19,Sabtu,02 Agustus 2025,Teknologi Kecerdasan Artifisial,09.15 - 10.15
1ka19,Senin,04 Agustus 2025,Matematika Dasar 2,15.30 - 16.30
1ka19,Selasa,05 Agustus 2025,Bahasa Indonesia,09.15 - 10.15
1ka19,Rabu,06 Agustus 2025,Pendidikan Kewarganegaraan,13.00 - 14.00
1ka19,Kamis,07 Agustus 2025,Pendidikan Agama Buddha,09.15 - 10.15
1ka19,Kamis,07 Agustus 2025,Pendidikan Agama Hindu,09.15 - 10.15
1ka19,Kamis,07 Agustus 2025,Pendidikan Agama Islam,09.15 - 10.15
1ka19,Kamis,07 Agustus 2025,Pendidikan Agama Katholik,09.15 - 10.15
1ka19,Kamis,07 Agustus 2025,Pendidikan Agama Khonghucu,09.15 - 10.15
1ka19,Kamis,07 Agustus 2025,Pendidikan Agama Kristen,09.15 - 10.15
1ka20,Jum'at,01 Agustus 2025,Teori Organisasi Umum,09.15 - 10.15
1ka20,Sabtu,02 Agustus 2025,Teknologi Kecerdasan Artifisial,09.15 - 10.15
1ka20,Senin,04 Agustus 2025,Matematika Dasar 2,15.30 - 16.30
1ka20,Selasa,05 Agustus 2025,Bahasa Indonesia,09.15 - 10.15
1ka20,Rabu,06 Agustus 2025,Pendidikan Kewarganegaraan,13.00 - 14.00
1ka20,Kamis,07 Agustus 2025,Pendidikan Agama Buddha,09.15 - 10.15
1ka20,Kamis,07 Agustus 2025,Pendidikan Agama Hindu,09.15 - 10.15
1ka20,Kamis,07 Agustus 2025,Pendidikan Agama Islam,09.15 - 10.15
1ka20,Kamis,07 Agustus 2025,Pendidikan Agama Katholik,09.15 - 10.15
1ka20,Kamis,07 Agustus 2025,Pendidikan Agama Khonghucu,09.15 - 10.15
1ka20,Kamis,07 Agustus 2025,Pendidikan Agama Kristen,09.15 - 10.15
1ka21,Jum'at,01 Agustus 2025,Teori Organisasi Umum,09.15 - 10.15
1ka21,Sabtu,02 Agustus 2025,Teknologi Kecerdasan Artifisial,09.15 - 10.15
1ka21,Senin,04 Agustus 2025,Matematika Dasar 2,15.30 - 16.30
1ka21,Selasa,05 Agustus 2025,Bahasa Indonesia,09.15 - 10.15
1ka21,Rabu,06 Agustus 2025,Pendidikan Kewarganegaraan,13.00 - 14.00
1ka21,Kamis,07 Agustus 2025,Pendidikan Agama Buddha,09.15 - 10.15
1ka21,Kamis,07 Agustus 2025,Pendidikan Agama Hindu,09.15 - 10.15
1ka21,Kamis,07 Agustus 2025,Pendidikan Agama Islam,09.15 - 10.15
1ka21,Kamis,07 Agustus 2025,Pendidikan Agama Katholik,09.15 - 10.15
1ka21,Kamis,07 Agustus 2025,Pendidikan Agama Khonghucu,09.15 - 10.15
1ka21,Kamis,07 Agustus 2025,Pendidikan Agama Kristen,09.15 - 10.15
1ka22,Jum'at,01 Agustus 2025,Teori Organisasi Umum,09.15 - 10.15
1ka22,Sabtu,02 Agustus 2025,Teknologi Kecerdasan Artifisial,09.15 - 10.15
1ka22,Senin,04 Agustus 2025,Matematika Dasar 2,15.30 - 16.30
1ka22,Selasa,05 Agustus 2025,Bahasa Indonesia,09.15 - 10.15
1ka22,Rabu,06 Agustus 2025,Pendidikan Kewarganegaraan,13.00 - 14.00
1ka22,Kamis,07 Agustus 2025,Pendidikan Agama Buddha,09.15 - 10.15
1ka22,Kamis,07 Agustus 2025,Pendidikan Agama Hindu,09.15 - 10.15
1ka22,Kamis,07 Agustus 2025,Pendidikan Agama Islam,09.15 - 10.15
1ka22,Kamis,07 Agustus 2025,Pendidikan Agama Katholik,09.15 - 10.15
1ka22,Kamis,07 Agustus 2025,Pendidikan Agama Khonghucu,09.15 - 10.15
1ka22,Kamis,07 Agustus 2025,Pendidikan Agama Kristen,09.15 - 10.15
1ka23,Jum'at,01 Agustus 2025,Teori Organisasi Umum,19.00 - 20.00
1ka23,Jum'at,01 Agustus 2025,Teknologi Kecerdasan Artifisial,20.15 - 21.15
1ka23,Senin,04 Agustus 2025,Matematika Dasar 2,19.00 - 20.00
1ka23,Selasa,05 Agustus 2025,Bahasa Indonesia,19.00 - 20.00
1ka23,Rabu,06 Agustus 2025,Pendidikan Kewarganegaraan,19.00 - 20.00
1ka23,Rabu,06 Agustus 2025,Pendidikan Agama Buddha,20.15 - 21.15
1ka23,Rabu,06 Agustus 2025,Pendidikan Agama Hindu,20.15 - 21.15
1ka23,Rabu,06 Agustus 2025,Pendidikan Agama Islam,20.15 - 21.15
1ka23,Rabu,06 Agustus 2025,Pendidikan Agama Katholik,20.15 - 21.15
1ka23,Rabu,06 Agustus 2025,Pendidikan Agama Khonghucu,20.15 - 21.15
1ka23,Rabu,06 Agustus 2025,Pendidikan Agama Kristen,20.15 - 21.15
1ka24,Jum'at,01 Agustus 2025,Teori Organisasi Umum,09.15 - 10.15
1ka24,Sabtu,02 Agustus 2025,Teknologi Kecerdasan Artifisial,09.15 - 10.15
1ka24,Senin,04 Agustus 2025,Matematika Dasar 2,15.30 - 16.30
1ka24,Selasa,05 Agustus 2025,Bahasa Indonesia,09.15 - 10.15
1ka24,Rabu,06 Agustus 2025,Pendidikan Kewarganegaraan,13.00 - 14.00
1ka24,Kamis,07 Agustus 2025,Pendidikan Agama Buddha,09.15 - 10.15
1ka24,Kamis,07 Agustus 2025,Pendidikan Agama Hindu,09.15 - 10.15
1ka24,Kamis,07 Agustus 2025,Pendidikan Agama Islam,09.15 - 10.15
1ka24,Kamis,07 Agustus 2025,Pendidikan Agama Katholik,09.15 - 10.15
1ka24,Kamis,07 Agustus 2025,Pendidikan Agama Khonghucu,09.15 - 10.15
1ka24,Kamis,07 Agustus 2025,Pendidikan Agama Kristen,09.15 - 10.15
1ka25,Jum'at,01 Agustus 2025,Teori Organisasi Umum,09.15 - 10.15
1ka25,Sabtu,02 Agustus 2025,Teknologi Kecerdasan Artifisial,09.15 - 10.15
1ka25,Senin,04 Agustus 2025,Matematika Dasar 2,15.30 - 16.30
1ka25,Selasa,05 Agustus 2025,Bahasa Indonesia,09.15 - 10.15
1ka25,Rabu,06 Agustus 2025,Pendidikan Kewarganegaraan,13.00 - 14.00
1ka25,Kamis,07 Agustus 2025,Pendidikan Agama Buddha,09.15 - 10.15
1ka25,Kamis,07 Agustus 2025,Pendidikan Agama Hindu,09.15 - 10.15
1ka25,Kamis,07 Agustus 2025,Pendidikan Agama Islam,09.15 - 10.15
1ka25,Kamis,07 Agustus 2025,Pendidikan Agama Katholik,09.15 - 10.15
1ka25,Kamis,07 Agustus 2025,Pendidikan Agama Khonghucu,09.15 - 10.15
1ka25,Kamis,07 Agustus 2025,Pendidikan Agama Kristen,09.15 - 10.15
1ka26,Jum'at,01 Agustus 2025,Teori Organisasi Umum,09.15 - 10.15
1ka26,Sabtu,02 Agustus 2025,Teknologi Kecerdasan Artifisial,09.15 - 10.15
1ka26,Senin,04 Agustus 2025,Matematika Dasar 2,15.30 - 16.30
1ka26,Selasa,05 Agustus 2025,Bahasa Indonesia,09.15 - 10.15
1ka26,Rabu,06 Agustus 2025,Pendidikan Kewarganegaraan,13.00 - 14.00
1ka26,Kamis,07 Agustus 2025,Pendidikan Agama Buddha,09.15 - 10.15
1ka26,Kamis,07 Agustus 2025,Pendidikan Agama Hindu,09.15 - 10.15
1ka26,Kamis,07 Agustus 2025,Pendidikan Agama Islam,09.15 - 10.15
1ka26,Kamis,07 Agustus 2025,Pendidikan Agama Katholik,09.15 - 10.15
1ka26,Kamis,07 Agustus 2025,Pendidikan Agama Khonghucu,09.15 - 10.15
1ka26,Kamis,07 Agustus 2025,Pendidikan Agama Kristen,09.15 - 10.15
1ka27,Jum'at,01 Agustus 2025,Teori Organisasi Umum,09.15 - 10.15
1ka27,Sabtu,02 Agustus 2025,Teknologi Kecerdasan Artifisial,09.15 - 10.15
1ka27,Senin,04 Agustus 2025,Matematika Dasar 2,15.30 - 16.30
1ka27,Selasa,05 Agustus 2025,Bahasa Indonesia,09.15 - 10.15
1ka27,Rabu,06 Agustus 2025,Pendidikan Kewarganegaraan,13.00 - 14.00
1ka27,Kamis,07 Agustus 2025,Pendidikan Agama Buddha,09.15 - 10.15
1ka27,Kamis,07 Agustus 2025,Pendidikan Agama Hindu,09.15 - 10.15
1ka27,Kamis,07 Agustus 2025,Pendidikan Agama Islam,09.15 - 10.15
1ka27,Kamis,07 Agustus 2025,Pendidikan Agama Katholik,09.15 - 10.15
1ka27,Kamis,07 Agustus 2025,Pendidikan Agama Khonghucu,09.15 - 10.15
1ka27,Kamis,07 Agustus 2025,Pendidikan Agama Kristen,09.15 - 10.15
1ka28,Jum'at,01 Agustus 2025,Teori Organisasi Umum,09.15 - 10.15
1ka28,Sabtu,02 Agustus 2025,Teknologi Kecerdasan Artifisial,09.15 - 10.15
1ka28,Senin,04 Agustus 2025,Matematika Dasar 2,15.30 - 16.30
1ka28,Selasa,05 Agustus 2025,Bahasa Indonesia,09.15 - 10.15
1ka28,Rabu,06 Agustus 2025,Pendidikan Kewarganegaraan,13.00 - 14.00
1ka28,Kamis,07 Agustus 2025,Pendidikan Agama Buddha,09.15 - 10.15
1ka28,Kamis,07 Agustus 2025,Pendidikan Agama Hindu,09.15 - 10.15
1ka28,Kamis,07 Agustus 2025,Pendidikan Agama Islam,09.15 - 10.15
1ka28,Kamis,07 Agustus 2025,Pendidikan Agama Katholik,09.15 - 10.15
1ka28,Kamis,07 Agustus 2025,Pendidikan Agama Khonghucu,09.15 - 10.15
1ka28,Kamis,07 Agustus 2025,Pendidikan Agama Kristen,09.15 - 10.15
1ka29,Jum'at,01 Agustus 2025,Teori Organisasi Umum,09.15 - 10.15
1ka29,Sabtu,02 Agustus 2025,Teknologi Kecerdasan Artifisial,09.15 - 10.15
1ka29,Senin,04 Agustus 2025,Matematika Dasar 2,15.30 - 16.30
1ka29,Selasa,05 Agustus 2025,Bahasa Indonesia,09.15 - 10.15
1ka29,Rabu,06 Agustus 2025,Pendidikan Kewarganegaraan,13.00 - 14.00
1ka29,Kamis,07 Agustus 2025,Pendidikan Agama Buddha,09.15 - 10.15
1ka29,Kamis,07 Agustus 2025,Pendidikan Agama Hindu,09.15 - 10.15
1ka29,Kamis,07 Agustus 2025,Pendidikan Agama Islam,09.15 - 10.15
1ka29,Kamis,07 Agustus 2025,Pendidikan Agama Katholik,09.15 - 10.15
1ka29,Kamis,07 Agustus 2025,Pendidikan Agama Khonghucu,09.15 - 10.15
1ka29,Kamis,07 Agustus 2025,Pendidikan Agama Kristen,09.15 - 10.15
1ka30,Jum'at,01 Agustus 2025,Teori Organisasi Umum,09.15 - 10.15
1ka30,Sabtu,02 Agustus 2025,Teknologi Kecerdasan Artifisial,09.15 - 10.15
1ka30,Senin,04 Agustus 2025,Matematika Dasar 2,15.30 - 16.30
1ka30,Selasa,05 Agustus 2025,Bahasa Indonesia,09.15 - 10.15
1ka30,Rabu,06 Agustus 2025,Pendidikan Kewarganegaraan,13.00 - 14.00
1ka30,Kamis,07 Agustus 2025,Pendidikan Agama Buddha,09.15 - 10.15
1ka30,Kamis,07 Agustus 2025,Pendidikan Agama Hindu,09.15 - 10.15
1ka30,Kamis,07 Agustus 2025,Pendidikan Agama Islam,09.15 - 10.15
1ka30,Kamis,07 Agustus 2025,Pendidikan Agama Katholik,09.15 - 10.15
1ka30,Kamis,07 Agustus 2025,Pendidikan Agama Khonghucu,09.15 - 10.15
1ka30,Kamis,07 Agustus 2025,Pendidikan Agama Kristen,09.15 - 10.15
1ka31,Jum'at,01 Agustus 2025,Teori Organisasi Umum,09.15 - 10.15
1ka31,Sabtu,02 Agustus 2025,Teknologi Kecerdasan Artifisial,09.15 - 10.15
1ka31,Senin,04 Agustus 2025,Matematika Dasar 2,15.30 - 16.30
1ka31,Selasa,05 Agustus 2025,Bahasa Indonesia,09.15 - 10.15
1ka31,Rabu,06 Agustus 2025,Pendidikan Kewarganegaraan,13.00 - 14.00
1ka31,Kamis,07 Agustus 2025,Pendidikan Agama Buddha,09.15 - 10.15
1ka31,Kamis,07 Agustus 2025,Pendidikan Agama Hindu,09.15 - 10.15
1ka31,Kamis,07 Agustus 2025,Pendidikan Agama Islam,09.15 - 10.15
1ka31,Kamis,07 Agustus 2025,Pendidikan Agama Katholik,09.15 - 10.15
1ka31,Kamis,07 Agustus 2025,Pendidikan Agama Khonghucu,09.15 - 10.15
1ka31,Kamis,07 Agustus 2025,Pendidikan Agama Kristen,09.15 - 10.15
1ka32,Jum'at,01 Agustus 2025,Teori Organisasi Umum,09.15 - 10.15
1ka32,Sabtu,02 Agustus 2025,Teknologi Kecerdasan Artifisial,09.15 - 10.15
1ka32,Senin,04 Agustus 2025,Matematika Dasar 2,15.30 - 16.30
1ka32,Selasa,05 Agustus 2025,Bahasa Indonesia,09.15 - 10.15
1ka32,Rabu,06 Agustus 2025,Pendidikan Kewarganegaraan,13.00 - 14.00
1ka32,Kamis,07 Agustus 2025,Pendidikan Agama Buddha,09.15 - 10.15
1ka32,Kamis,07 Agustus 2025,Pendidikan Agama Hindu,09.15 - 10.15
1ka32,Kamis,07 Agustus 2025,Pendidikan Agama Islam,09.15 - 10.15
1ka32,Kamis,07 Agustus 2025,Pendidikan Agama Katholik,09.15 - 10.15
1ka32,Kamis,07 Agustus 2025,Pendidikan Agama Khonghucu,09.15 - 10.15
1ka32,Kamis,07 Agustus 2025,Pendidikan Agama Kristen,09.15 - 10.15
1ka33,Jum'at,01 Agustus 2025,Teori Organisasi Umum,09.15 - 10.15
1ka33,Sabtu,02 Agustus 2025,Teknologi Kecerdasan Artifisial,09.15 - 10.15
1ka33,Senin,04 Agustus 2025,Matematika Dasar 2,15.30 - 16.30
1ka33,Selasa,05 Agustus 2025,Bahasa Indonesia,09.15 - 10.15
1ka33,Rabu,06 Agustus 2025,Pendidikan Kewarganegaraan,13.00 - 14.00
1ka33,Kamis,07 Agustus 2025,Pendidikan Agama Buddha,09.15 - 10.15
1ka33,Kamis,07 Agustus 2025,Pendidikan Agama Hindu,09.15 - 10.15
1ka33,Kamis,07 Agustus 2025,Pendidikan Agama Islam,09.15 - 10.15
1ka33,Kamis,07 Agustus 2025,Pendidikan Agama Katholik,09.15 - 10.15
1ka33,Kamis,07 Agustus 2025,Pendidikan Agama Khonghucu,09.15 - 10.15
1ka33,Kamis,07 Agustus 2025,Pendidikan Agama Kristen,09.15 - 10.15
1ka34,Sabtu,02 Agustus 2025,Teknologi Kecerdasan Artifisial,09.15 - 10.15
2ka01,Kamis,31 Juli 2025,Pemrograman Berorientasi Objek **,13.00 - 14.00
2ka01,Jum'at,01 Agustus 2025,Pengantar Akuntansi Keuangan,16.45 - 17.45
2ka01,Senin,04 Agustus 2025,Matematika Lanjut 2 **,10.30 - 11.30
2ka01,Senin,04 Agustus 2025,Matematika Sistem Informasi 2,13.00 - 14.00
2ka01,Selasa,05 Agustus 2025,Sistem Operasi **,16.45 - 17.45
2ka01,Rabu,06 Agustus 2025,Statistika **,08.00 - 09.00
2ka02,Kamis,31 Juli 2025,Pemrograman Berorientasi Objek **,13.00 - 14.00
2ka02,Jum'at,01 Agustus 2025,Pengantar Akuntansi Keuangan,16.45 - 17.45
2ka02,Senin,04 Agustus 2025,Matematika Lanjut 2 **,10.30 - 11.30
2ka02,Senin,04 Agustus 2025,Matematika Sistem Informasi 2,13.00 - 14.00
2ka02,Selasa,05 Agustus 2025,Sistem Operasi **,16.45 - 17.45
2ka02,Rabu,06 Agustus 2025,Statistika **,08.00 - 09.00
2ka03,Kamis,31 Juli 2025,Pemrograman Berorientasi Objek **,13.00 - 14.00
2ka03,Jum'at,01 Agustus 2025,Pengantar Akuntansi Keuangan,16.45 - 17.45
2ka03,Senin,04 Agustus 2025,Matematika Lanjut 2 **,10.30 - 11.30
2ka03,Senin,04 Agustus 2025,Matematika Sistem Informasi 2,13.00 - 14.00
2ka03,Selasa,05 Agustus 2025,Sistem Operasi **,16.45 - 17.45
2ka03,Rabu,06 Agustus 2025,Statistika **,08.00 - 09.00
2ka04,Kamis,31 Juli 2025,Pemrograman Berorientasi Objek **,13.00 - 14.00
2ka04,Jum'at,01 Agustus 2025,Pengantar Akuntansi Keuangan,16.45 - 17.45
2ka04,Senin,04 Agustus 2025,Matematika Lanjut 2 **,10.30 - 11.30
2ka04,Senin,04 Agustus 2025,Matematika Sistem Informasi 2,13.00 - 14.00
2ka04,Selasa,05 Agustus 2025,Sistem Operasi **,16.45 - 17.45
2ka04,Rabu,06 Agustus 2025,Statistika **,08.00 - 09.00
2ka05,Kamis,31 Juli 2025,Pemrograman Berorientasi Objek **,13.00 - 14.00
2ka05,Jum'at,01 Agustus 2025,Pengantar Akuntansi Keuangan,16.45 - 17.45
2ka05,Senin,04 Agustus 2025,Matematika Lanjut 2 **,10.30 - 11.30
2ka05,Senin,04 Agustus 2025,Matematika Sistem Informasi 2,13.00 - 14.00
2ka05,Selasa,05 Agustus 2025,Sistem Operasi **,16.45 - 17.45
2ka05,Rabu,06 Agustus 2025,Statistika **,08.00 - 09.00
2ka06,Kamis,31 Juli 2025,Pemrograman Berorientasi Objek **,13.00 - 14.00
2ka06,Jum'at,01 Agustus 2025,Pengantar Akuntansi Keuangan,16.45 - 17.45
2ka06,Senin,04 Agustus 2025,Matematika Lanjut 2 **,10.30 - 11.30
2ka06,Senin,04 Agustus 2025,Matematika Sistem Informasi 2,13.00 - 14.00
2ka06,Selasa,05 Agustus 2025,Sistem Operasi **,16.45 - 17.45
2ka06,Rabu,06 Agustus 2025,Statistika **,08.00 - 09.00
2ka07,Kamis,31 Juli 2025,Pemrograman Berorientasi Objek **,13.00 - 14.00
2ka07,Jum'at,01 Agustus 2025,Pengantar Akuntansi Keuangan,16.45 - 17.45
2ka07,Senin,04 Agustus 2025,Matematika Lanjut 2 **,10.30 - 11.30
2ka07,Senin,04 Agustus 2025,Matematika Sistem Informasi 2,13.00 - 14.00
2ka07,Selasa,05 Agustus 2025,Sistem Operasi **,16.45 - 17.45
2ka07,Rabu,06 Agustus 2025,Statistika **,08.00 - 09.00
2ka08,Kamis,31 Juli 2025,Pemrograman Berorientasi Objek **,13.00 - 14.00
2ka08,Jum'at,01 Agustus 2025,Pengantar Akuntansi Keuangan,16.45 - 17.45
2ka08,Senin,04 Agustus 2025,Matematika Lanjut 2 **,10.30 - 11.30
2ka08,Senin,04 Agustus 2025,Matematika Sistem Informasi 2,13.00 - 14.00
2ka08,Selasa,05 Agustus 2025,Sistem Operasi **,16.45 - 17.45
2ka08,Rabu,06 Agustus 2025,Statistika **,08.00 - 09.00
2ka09,Kamis,31 Juli 2025,Pemrograman Berorientasi Objek **,13.00 - 14.00
2ka09,Jum'at,01 Agustus 2025,Pengantar Akuntansi Keuangan,16.45 - 17.45
2ka09,Senin,04 Agustus 2025,Matematika Lanjut 2 **,10.30 - 11.30
2ka09,Senin,04 Agustus 2025,Matematika Sistem Informasi 2,13.00 - 14.00
2ka09,Selasa,05 Agustus 2025,Sistem Operasi **,16.45 - 17.45
2ka09,Rabu,06 Agustus 2025,Statistika **,08.00 - 09.00
2ka10,Kamis,31 Juli 2025,Pemrograman Berorientasi Objek **,13.00 - 14.00
2ka10,Jum'at,01 Agustus 2025,Pengantar Akuntansi Keuangan,16.45 - 17.45
2ka10,Senin,04 Agustus 2025,Matematika Lanjut 2 **,10.30 - 11.30
2ka10,Senin,04 Agustus 2025,Matematika Sistem Informasi 2,13.00 - 14.00
2ka10,Selasa,05 Agustus 2025,Sistem Operasi **,16.45 - 17.45
2ka10,Rabu,06 Agustus 2025,Statistika **,08.00 - 09.00
2ka11,Kamis,31 Juli 2025,Pemrograman Berorientasi Objek **,13.00 - 14.00
2ka11,Jum'at,01 Agustus 2025,Pengantar Akuntansi Keuangan,16.45 - 17.45
2ka11,Senin,04 Agustus 2025,Matematika Lanjut 2 **,10.30 - 11.30
2ka11,Senin,04 Agustus 2025,Matematika Sistem Informasi 2,13.00 - 14.00
2ka11,Selasa,05 Agustus 2025,Sistem Operasi **,16.45 - 17.45
2ka11,Rabu,06 Agustus 2025,Statistika **,08.00 - 09.00
2ka12,Kamis,31 Juli 2025,Pemrograman Berorientasi Objek **,13.00 - 14.00
2ka12,Jum'at,01 Agustus 2025,Pengantar Akuntansi Keuangan,16.45 - 17.45
2ka12,Senin,04 Agustus 2025,Matematika Lanjut 2 **,10.30 - 11.30
2ka12,Senin,04 Agustus 2025,Matematika Sistem Informasi 2,13.00 - 14.00
2ka12,Selasa,05 Agustus 2025,Sistem Operasi **,16.45 - 17.45
2ka12,Rabu,06 Agustus 2025,Statistika **,08.00 - 09.00
2ka13,Kamis,31 Juli 2025,Pemrograman Berorientasi Objek **,13.00 - 14.00
2ka13,Jum'at,01 Agustus 2025,Pengantar Akuntansi Keuangan,16.45 - 17.45
2ka13,Senin,04 Agustus 2025,Matematika Lanjut 2 **,10.30 - 11.30
2ka13,Senin,04 Agustus 2025,Matematika Sistem Informasi 2,13.00 - 14.00
2ka13,Selasa,05 Agustus 2025,Sistem Operasi **,16.45 - 17.45
2ka13,Rabu,06 Agustus 2025,Statistika **,08.00 - 09.00
2ka14,Kamis,31 Juli 2025,Pemrograman Berorientasi Objek **,13.00 - 14.00
2ka14,Jum'at,01 Agustus 2025,Pengantar Akuntansi Keuangan,16.45 - 17.45
2ka14,Senin,04 Agustus 2025,Matematika Lanjut 2 **,10.30 - 11.30
2ka14,Senin,04 Agustus 2025,Matematika Sistem Informasi 2,13.00 - 14.00
2ka14,Selasa,05 Agustus 2025,Sistem Operasi **,16.45 - 17.45
2ka14,Rabu,06 Agustus 2025,Statistika **,08.00 - 09.00
2ka15,Kamis,31 Juli 2025,Pemrograman Berorientasi Objek **,13.00 - 14.00
2ka15,Jum'at,01 Agustus 2025,Pengantar Akuntansi Keuangan,16.45 - 17.45
2ka15,Senin,04 Agustus 2025,Matematika Lanjut 2 **,10.30 - 11.30
2ka15,Senin,04 Agustus 2025,Matematika Sistem Informasi 2,13.00 - 14.00
2ka15,Selasa,05 Agustus 2025,Sistem Operasi **,16.45 - 17.45
2ka15,Rabu,06 Agustus 2025,Statistika **,08.00 - 09.00
2ka16,Kamis,31 Juli 2025,Pemrograman Berorientasi Objek **,13.00 - 14.00
2ka16,Jum'at,01 Agustus 2025,Pengantar Akuntansi Keuangan,16.45 - 17.45
2ka16,Senin,04 Agustus 2025,Matematika Lanjut 2 **,10.30 - 11.30
2ka16,Senin,04 Agustus 2025,Matematika Sistem Informasi 2,13.00 - 14.00
2ka16,Selasa,05 Agustus 2025,Sistem Operasi **,16.45 - 17.45
2ka16,Rabu,06 Agustus 2025,Statistika **,08.00 - 09.00
2ka17,Kamis,31 Juli 2025,Pemrograman Berorientasi Objek **,13.00 - 14.00
2ka17,Jum'at,01 Agustus 2025,Pengantar Akuntansi Keuangan,16.45 - 17.45
2ka17,Senin,04 Agustus 2025,Matematika Lanjut 2 **,10.30 - 11.30
2ka17,Senin,04 Agustus 2025,Matematika Sistem Informasi 2,13.00 - 14.00
2ka17,Selasa,05 Agustus 2025,Sistem Operasi **,16.45 - 17.45
2ka17,Rabu,06 Agustus 2025,Statistika **,08.00 - 09.00
2ka18,Kamis,31 Juli 2025,Pemrograman Berorientasi Objek **,13.00 - 14.00
2ka18,Jum'at,01 Agustus 2025,Pengantar Akuntansi Keuangan,16.45 - 17.45
2ka18,Senin,04 Agustus 2025,Matematika Lanjut 2 **,10.30 - 11.30
2ka18,Senin,04 Agustus 2025,Matematika Sistem Informasi 2,13.00 - 14.00
2ka18,Selasa,05 Agustus 2025,Sistem Operasi **,16.45 - 17.45
2ka18,Rabu,06 Agustus 2025,Statistika **,08.00 - 09.00
2ka19,Kamis,31 Juli 2025,Pemrograman Berorientasi Objek **,13.00 - 14.00
2ka19,Jum'at,01 Agustus 2025,Pengantar Akuntansi Keuangan,16.45 - 17.45
2ka19,Senin,04 Agustus 2025,Matematika Lanjut 2 **,10.30 - 11.30
2ka19,Senin,04 Agustus 2025,Matematika Sistem Informasi 2,13.00 - 14.00
2ka19,Selasa,05 Agustus 2025,Sistem Operasi **,16.45 - 17.45
2ka19,Rabu,06 Agustus 2025,Statistika **,08.00 - 09.00
2ka20,Kamis,31 Juli 2025,Pemrograman Berorientasi Objek **,13.00 - 14.00
2ka20,Jum'at,01 Agustus 2025,Pengantar Akuntansi Keuangan,16.45 - 17.45
2ka20,Senin,04 Agustus 2025,Matematika Lanjut 2 **,10.30 - 11.30
2ka20,Senin,04 Agustus 2025,Matematika Sistem Informasi 2,13.00 - 14.00
2ka20,Selasa,05 Agustus 2025,Sistem Operasi **,16.45 - 17.45
2ka20,Rabu,06 Agustus 2025,Statistika **,08.00 - 09.00
2ka21,Kamis,31 Juli 2025,Pemrograman Berorientasi Objek **,13.00 - 14.00
2ka21,Jum'at,01 Agustus 2025,Pengantar Akuntansi Keuangan,16.45 - 17.45
2ka21,Senin,04 Agustus 2025,Matematika Lanjut 2 **,10.30 - 11.30
2ka21,Senin,04 Agustus 2025,Matematika Sistem Informasi 2,13.00 - 14.00
2ka21,Selasa,05 Agustus 2025,Sistem Operasi **,16.45 - 17.45
2ka21,Rabu,06 Agustus 2025,Statistika **,08.00 - 09.00
2ka22,Kamis,31 Juli 2025,Pemrograman Berorientasi Objek **,13.00 - 14.00
2ka22,Jum'at,01 Agustus 2025,Pengantar Akuntansi Keuangan,16.45 - 17.45
2ka22,Senin,04 Agustus 2025,Matematika Lanjut 2 **,10.30 - 11.30
2ka22,Senin,04 Agustus 2025,Matematika Sistem Informasi 2,13.00 - 14.00
2ka22,Selasa,05 Agustus 2025,Sistem Operasi **,16.45 - 17.45
2ka22,Rabu,06 Agustus 2025,Statistika **,08.00 - 09.00
2ka23,Kamis,31 Juli 2025,Pemrograman Berorientasi Objek **,13.00 - 14.00
2ka23,Jum'at,01 Agustus 2025,Pengantar Akuntansi Keuangan,16.45 - 17.45
2ka23,Senin,04 Agustus 2025,Matematika Lanjut 2 **,10.30 - 11.30
2ka23,Senin,04 Agustus 2025,Matematika Sistem Informasi 2,13.00 - 14.00
2ka23,Selasa,05 Agustus 2025,Sistem Operasi **,16.45 - 17.45
2ka23,Rabu,06 Agustus 2025,Statistika **,08.00 - 09.00
2ka24,Kamis,31 Juli 2025,Pemrograman Berorientasi Objek **,19.00 - 20.00
2ka24,Jum'at,01 Agustus 2025,Pengantar Akuntansi Keuangan,20.15 - 21.15
2ka24,Senin,04 Agustus 2025,Matematika Lanjut 2 **,19.00 - 20.00
2ka24,Senin,04 Agustus 2025,Matematika Sistem Informasi 2,20.15 - 21.15
2ka24,Selasa,05 Agustus 2025,Sistem Operasi **,20.15 - 21.15
2ka24,Rabu,06 Agustus 2025,Statistika **,19.00 - 20.00
2ka25,Kamis,31 Juli 2025,Pemrograman Berorientasi Objek **,13.00 - 14.00
2ka25,Jum'at,01 Agustus 2025,Pengantar Akuntansi Keuangan,16.45 - 17.45
2ka25,Senin,04 Agustus 2025,Matematika Lanjut 2 **,10.30 - 11.30
2ka25,Senin,04 Agustus 2025,Matematika Sistem Informasi 2,13.00 - 14.00
2ka25,Selasa,05 Agustus 2025,Sistem Operasi **,16.45 - 17.45
2ka25,Rabu,06 Agustus 2025,Statistika **,08.00 - 09.00
2ka26,Kamis,31 Juli 2025,Pemrograman Berorientasi Objek **,13.00 - 14.00
2ka26,Jum'at,01 Agustus 2025,Pengantar Akuntansi Keuangan,16.45 - 17.45
2ka26,Senin,04 Agustus 2025,Matematika Lanjut 2 **,10.30 - 11.30
2ka26,Senin,04 Agustus 2025,Matematika Sistem Informasi 2,13.00 - 14.00
2ka26,Selasa,05 Agustus 2025,Sistem Operasi **,16.45 - 17.45
2ka26,Rabu,06 Agustus 2025,Statistika **,08.00 - 09.00
2ka27,Kamis,31 Juli 2025,Pemrograman Berorientasi Objek **,13.00 - 14.00
2ka27,Jum'at,01 Agustus 2025,Pengantar Akuntansi Keuangan,16.45 - 17.45
2ka27,Senin,04 Agustus 2025,Matematika Lanjut 2 **,10.30 - 11.30
2ka27,Senin,04 Agustus 2025,Matematika Sistem Informasi 2,13.00 - 14.00
2ka27,Selasa,05 Agustus 2025,Sistem Operasi **,16.45 - 17.45
2ka27,Rabu,06 Agustus 2025,Statistika **,08.00 - 09.00
2ka28,Kamis,31 Juli 2025,Pemrograman Berorientasi Objek **,13.00 - 14.00
2ka28,Jum'at,01 Agustus 2025,Pengantar Akuntansi Keuangan,16.45 - 17.45
2ka28,Senin,04 Agustus 2025,Matematika Lanjut 2 **,10.30 - 11.30
2ka28,Senin,04 Agustus 2025,Matematika Sistem Informasi 2,13.00 - 14.00
2ka28,Selasa,05 Agustus 2025,Sistem Operasi **,16.45 - 17.45
2ka28,Rabu,06 Agustus 2025,Statistika **,08.00 - 09.00
2ka29,Kamis,31 Juli 2025,Pemrograman Berorientasi Objek **,13.00 - 14.00
2ka29,Jum'at,01 Agustus 2025,Pengantar Akuntansi Keuangan,16.45 - 17.45
2ka29,Senin,04 Agustus 2025,Matematika Lanjut 2 **,10.30 - 11.30
2ka29,Senin,04 Agustus 2025,Matematika Sistem Informasi 2,13.00 - 14.00
2ka29,Selasa,05 Agustus 2025,Sistem Operasi **,16.45 - 17.45
2ka29,Rabu,06 Agustus 2025,Statistika **,08.00 - 09.00
2ka30,Kamis,31 Juli 2025,Pemrograman Berorientasi Objek **,13.00 - 14.00
2ka30,Jum'at,01 Agustus 2025,Pengantar Akuntansi Keuangan,16.45 - 17.45
2ka30,Senin,04 Agustus 2025,Matematika Lanjut 2 **,10.30 - 11.30
2ka30,Senin,04 Agustus 2025,Matematika Sistem Informasi 2,13.00 - 14.00
2ka30,Selasa,05 Agustus 2025,Sistem Operasi **,16.45 - 17.45
2ka30,Rabu,06 Agustus 2025,Statistika **,08.00 - 09.00
2ka31,Kamis,31 Juli 2025,Pemrograman Berorientasi Objek **,13.00 - 14.00
2ka31,Jum'at,01 Agustus 2025,Pengantar Akuntansi Keuangan,16.45 - 17.45
2ka31,Senin,04 Agustus 2025,Matematika Lanjut 2 **,10.30 - 11.30
2ka31,Senin,04 Agustus 2025,Matematika Sistem Informasi 2,13.00 - 14.00
2ka31,Selasa,05 Agustus 2025,Sistem Operasi **,16.45 - 17.45
2ka31,Rabu,06 Agustus 2025,Statistika **,08.00 - 09.00
2ka32,Kamis,31 Juli 2025,Pemrograman Berorientasi Objek **,13.00 - 14.00
2ka32,Jum'at,01 Agustus 2025,Pengantar Akuntansi Keuangan,16.45 - 17.45
2ka32,Senin,04 Agustus 2025,Matematika Lanjut 2 **,10.30 - 11.30
2ka32,Senin,04 Agustus 2025,Matematika Sistem Informasi 2,13.00 - 14.00
2ka32,Selasa,05 Agustus 2025,Sistem Operasi **,16.45 - 17.45
2ka32,Rabu,06 Agustus 2025,Statistika **,08.00 - 09.00
2ka33,Kamis,31 Juli 2025,Pemrograman Berorientasi Objek **,13.00 - 14.00
2ka33,Jum'at,01 Agustus 2025,Pengantar Akuntansi Keuangan,16.45 - 17.45
2ka33,Senin,04 Agustus 2025,Matematika Lanjut 2 **,10.30 - 11.30
2ka33,Senin,04 Agustus 2025,Matematika Sistem Informasi 2,13.00 - 14.00
2ka33,Selasa,05 Agustus 2025,Sistem Operasi **,16.45 - 17.45
2ka33,Rabu,06 Agustus 2025,Statistika **,08.00 - 09.00
2ka34,Kamis,31 Juli 2025,Pemrograman Berorientasi Objek **,13.00 - 14.00
2ka34,Jum'at,01 Agustus 2025,Pengantar Akuntansi Keuangan,16.45 - 17.45
2ka34,Senin,04 Agustus 2025,Matematika Lanjut 2 **,10.30 - 11.30
2ka34,Senin,04 Agustus 2025,Matematika Sistem Informasi 2,13.00 - 14.00
2ka34,Selasa,05 Agustus 2025,Sistem Operasi **,16.45 - 17.45
2ka34,Rabu,06 Agustus 2025,Statistika **,08.00 - 09.00
3ka01,Selasa,29 Juli 2025,Grafik Komputer dan Pengolahan Citra **,11.45- 12.45
3ka01,Rabu,30 Juli 2025,Pemodelan dan Visualisasi Data,14.15 - 15.15
3ka01,Kamis,31 Juli 2025,Pengantar Akuntansi Keuangan 2,16.45 - 17.45
3ka01,Jum'at,01 Agustus 2025,Pengantar Sain Data,15.30 - 16.30
3ka01,Sabtu,02 Agustus 2025,Terapan Teori Graf,11.45- 12.45
3ka01,Senin,04 Agustus 2025,Sistem Berbasis Pengetahuan **,08.00 - 09.00
3ka02,Selasa,29 Juli 2025,Grafik Komputer dan Pengolahan Citra **,11.45- 12.45
3ka02,Rabu,30 Juli 2025,Pemodelan dan Visualisasi Data,14.15 - 15.15
3ka02,Kamis,31 Juli 2025,Pengantar Akuntansi Keuangan 2,16.45 - 17.45
3ka02,Jum'at,01 Agustus 2025,Pengantar Sain Data,15.30 - 16.30
3ka02,Sabtu,02 Agustus 2025,Terapan Teori Graf,11.45- 12.45
3ka02,Senin,04 Agustus 2025,Sistem Berbasis Pengetahuan **,08.00 - 09.00
3ka03,Selasa,29 Juli 2025,Grafik Komputer dan Pengolahan Citra **,11.45- 12.45
3ka03,Rabu,30 Juli 2025,Pemodelan dan Visualisasi Data,14.15 - 15.15
3ka03,Kamis,31 Juli 2025,Pengantar Akuntansi Keuangan 2,16.45 - 17.45
3ka03,Jum'at,01 Agustus 2025,Pengantar Sain Data,15.30 - 16.30
3ka03,Sabtu,02 Agustus 2025,Terapan Teori Graf,11.45- 12.45
3ka03,Senin,04 Agustus 2025,Sistem Berbasis Pengetahuan **,08.00 - 09.00
3ka04,Selasa,29 Juli 2025,Grafik Komputer dan Pengolahan Citra **,11.45- 12.45
3ka04,Rabu,30 Juli 2025,Pemodelan dan Visualisasi Data,14.15 - 15.15
3ka04,Kamis,31 Juli 2025,Pengantar Akuntansi Keuangan 2,16.45 - 17.45
3ka04,Jum'at,01 Agustus 2025,Pengantar Sain Data,15.30 - 16.30
3ka04,Sabtu,02 Agustus 2025,Terapan Teori Graf,11.45- 12.45
3ka04,Senin,04 Agustus 2025,Sistem Berbasis Pengetahuan **,08.00 - 09.00
3ka05,Selasa,29 Juli 2025,Grafik Komputer dan Pengolahan Citra **,11.45- 12.45
3ka05,Rabu,30 Juli 2025,Pemodelan dan Visualisasi Data,14.15 - 15.15
3ka05,Kamis,31 Juli 2025,Pengantar Akuntansi Keuangan 2,16.45 - 17.45
3ka05,Jum'at,01 Agustus 2025,Pengantar Sain Data,15.30 - 16.30
3ka05,Sabtu,02 Agustus 2025,Terapan Teori Graf,11.45- 12.45
3ka05,Senin,04 Agustus 2025,Sistem Berbasis Pengetahuan **,08.00 - 09.00
3ka06,Selasa,29 Juli 2025,Grafik Komputer dan Pengolahan Citra **,11.45- 12.45
3ka06,Rabu,30 Juli 2025,Pemodelan dan Visualisasi Data,14.15 - 15.15
3ka06,Kamis,31 Juli 2025,Pengantar Akuntansi Keuangan 2,16.45 - 17.45
3ka06,Jum'at,01 Agustus 2025,Pengantar Sain Data,15.30 - 16.30
3ka06,Sabtu,02 Agustus 2025,Terapan Teori Graf,11.45- 12.45
3ka06,Senin,04 Agustus 2025,Sistem Berbasis Pengetahuan **,08.00 - 09.00
3ka07,Selasa,29 Juli 2025,Grafik Komputer dan Pengolahan Citra **,11.45- 12.45
3ka07,Rabu,30 Juli 2025,Pemodelan dan Visualisasi Data,14.15 - 15.15
3ka07,Kamis,31 Juli 2025,Pengantar Akuntansi Keuangan 2,16.45 - 17.45
3ka07,Jum'at,01 Agustus 2025,Pengantar Sain Data,15.30 - 16.30
3ka07,Sabtu,02 Agustus 2025,Terapan Teori Graf,11.45- 12.45
3ka07,Senin,04 Agustus 2025,Sistem Berbasis Pengetahuan **,08.00 - 09.00
3ka08,Selasa,29 Juli 2025,Grafik Komputer dan Pengolahan Citra **,11.45- 12.45
3ka08,Rabu,30 Juli 2025,Pemodelan dan Visualisasi Data,14.15 - 15.15
3ka08,Kamis,31 Juli 2025,Pengantar Akuntansi Keuangan 2,16.45 - 17.45
3ka08,Jum'at,01 Agustus 2025,Pengantar Sain Data,15.30 - 16.30
3ka08,Sabtu,02 Agustus 2025,Terapan Teori Graf,11.45- 12.45
3ka08,Senin,04 Agustus 2025,Sistem Berbasis Pengetahuan **,08.00 - 09.00
3ka09,Selasa,29 Juli 2025,Grafik Komputer dan Pengolahan Citra **,11.45- 12.45
3ka09,Rabu,30 Juli 2025,Pemodelan dan Visualisasi Data,14.15 - 15.15
3ka09,Kamis,31 Juli 2025,Pengantar Akuntansi Keuangan 2,16.45 - 17.45
3ka09,Jum'at,01 Agustus 2025,Pengantar Sain Data,15.30 - 16.30
3ka09,Sabtu,02 Agustus 2025,Terapan Teori Graf,11.45- 12.45
3ka09,Senin,04 Agustus 2025,Sistem Berbasis Pengetahuan **,08.00 - 09.00
3ka10,Selasa,29 Juli 2025,Grafik Komputer dan Pengolahan Citra **,11.45- 12.45
3ka10,Rabu,30 Juli 2025,Pemodelan dan Visualisasi Data,14.15 - 15.15
3ka10,Kamis,31 Juli 2025,Pengantar Akuntansi Keuangan 2,16.45 - 17.45
3ka10,Jum'at,01 Agustus 2025,Pengantar Sain Data,15.30 - 16.30
3ka10,Sabtu,02 Agustus 2025,Terapan Teori Graf,11.45- 12.45
3ka10,Senin,04 Agustus 2025,Sistem Berbasis Pengetahuan **,08.00 - 09.00
3ka11,Selasa,29 Juli 2025,Grafik Komputer dan Pengolahan Citra **,11.45- 12.45
3ka11,Rabu,30 Juli 2025,Pemodelan dan Visualisasi Data,14.15 - 15.15
3ka11,Kamis,31 Juli 2025,Pengantar Akuntansi Keuangan 2,16.45 - 17.45
3ka11,Jum'at,01 Agustus 2025,Pengantar Sain Data,15.30 - 16.30
3ka11,Sabtu,02 Agustus 2025,Terapan Teori Graf,11.45- 12.45
3ka11,Senin,04 Agustus 2025,Sistem Berbasis Pengetahuan **,08.00 - 09.00
3ka12,Selasa,29 Juli 2025,Grafik Komputer dan Pengolahan Citra **,11.45- 12.45
3ka12,Rabu,30 Juli 2025,Pemodelan dan Visualisasi Data,14.15 - 15.15
3ka12,Kamis,31 Juli 2025,Pengantar Akuntansi Keuangan 2,16.45 - 17.45
3ka12,Jum'at,01 Agustus 2025,Pengantar Sain Data,15.30 - 16.30
3ka12,Sabtu,02 Agustus 2025,Terapan Teori Graf,11.45- 12.45
3ka12,Senin,04 Agustus 2025,Sistem Berbasis Pengetahuan **,08.00 - 09.00
3ka13,Selasa,29 Juli 2025,Grafik Komputer dan Pengolahan Citra **,11.45- 12.45
3ka13,Rabu,30 Juli 2025,Pemodelan dan Visualisasi Data,14.15 - 15.15
3ka13,Kamis,31 Juli 2025,Pengantar Akuntansi Keuangan 2,16.45 - 17.45
3ka13,Jum'at,01 Agustus 2025,Pengantar Sain Data,15.30 - 16.30
3ka13,Sabtu,02 Agustus 2025,Terapan Teori Graf,11.45- 12.45
3ka13,Senin,04 Agustus 2025,Sistem Berbasis Pengetahuan **,08.00 - 09.00
3ka14,Selasa,29 Juli 2025,Grafik Komputer dan Pengolahan Citra **,11.45- 12.45
3ka14,Rabu,30 Juli 2025,Pemodelan dan Visualisasi Data,14.15 - 15.15
3ka14,Kamis,31 Juli 2025,Pengantar Akuntansi Keuangan 2,16.45 - 17.45
3ka14,Jum'at,01 Agustus 2025,Pengantar Sain Data,15.30 - 16.30
3ka14,Sabtu,02 Agustus 2025,Terapan Teori Graf,11.45- 12.45
3ka14,Senin,04 Agustus 2025,Sistem Berbasis Pengetahuan **,08.00 - 09.00
3ka15,Selasa,29 Juli 2025,Grafik Komputer dan Pengolahan Citra **,11.45- 12.45
3ka15,Rabu,30 Juli 2025,Pemodelan dan Visualisasi Data,14.15 - 15.15
3ka15,Kamis,31 Juli 2025,Pengantar Akuntansi Keuangan 2,16.45 - 17.45
3ka15,Jum'at,01 Agustus 2025,Pengantar Sain Data,15.30 - 16.30
3ka15,Sabtu,02 Agustus 2025,Terapan Teori Graf,11.45- 12.45
3ka15,Senin,04 Agustus 2025,Sistem Berbasis Pengetahuan **,08.00 - 09.00
3ka16,Selasa,29 Juli 2025,Grafik Komputer dan Pengolahan Citra **,11.45- 12.45
3ka16,Rabu,30 Juli 2025,Pemodelan dan Visualisasi Data,14.15 - 15.15
3ka16,Kamis,31 Juli 2025,Pengantar Akuntansi Keuangan 2,16.45 - 17.45
3ka16,Jum'at,01 Agustus 2025,Pengantar Sain Data,15.30 - 16.30
3ka16,Sabtu,02 Agustus 2025,Terapan Teori Graf,11.45- 12.45
3ka16,Senin,04 Agustus 2025,Sistem Berbasis Pengetahuan **,08.00 - 09.00
3ka17,Selasa,29 Juli 2025,Grafik Komputer dan Pengolahan Citra **,11.45- 12.45
3ka17,Rabu,30 Juli 2025,Pemodelan dan Visualisasi Data,14.15 - 15.15
3ka17,Kamis,31 Juli 2025,Pengantar Akuntansi Keuangan 2,16.45 - 17.45
3ka17,Jum'at,01 Agustus 2025,Pengantar Sain Data,15.30 - 16.30
3ka17,Sabtu,02 Agustus 2025,Terapan Teori Graf,11.45- 12.45
3ka17,Senin,04 Agustus 2025,Sistem Berbasis Pengetahuan **,08.00 - 09.00
3ka18,Selasa,29 Juli 2025,Grafik Komputer dan Pengolahan Citra **,11.45- 12.45
3ka18,Rabu,30 Juli 2025,Pemodelan dan Visualisasi Data,14.15 - 15.15
3ka18,Kamis,31 Juli 2025,Pengantar Akuntansi Keuangan 2,16.45 - 17.45
3ka18,Jum'at,01 Agustus 2025,Pengantar Sain Data,15.30 - 16.30
3ka18,Sabtu,02 Agustus 2025,Terapan Teori Graf,11.45- 12.45
3ka18,Senin,04 Agustus 2025,Sistem Berbasis Pengetahuan **,08.00 - 09.00
3ka19,Selasa,29 Juli 2025,Grafik Komputer dan Pengolahan Citra **,11.45- 12.45
3ka19,Rabu,30 Juli 2025,Pemodelan dan Visualisasi Data,14.15 - 15.15
3ka19,Kamis,31 Juli 2025,Pengantar Akuntansi Keuangan 2,16.45 - 17.45
3ka19,Jum'at,01 Agustus 2025,Pengantar Sain Data,15.30 - 16.30
3ka19,Sabtu,02 Agustus 2025,Terapan Teori Graf,11.45- 12.45
3ka19,Senin,04 Agustus 2025,Sistem Berbasis Pengetahuan **,08.00 - 09.00
3ka20,Selasa,29 Juli 2025,Grafik Komputer dan Pengolahan Citra **,11.45- 12.45
3ka20,Rabu,30 Juli 2025,Pemodelan dan Visualisasi Data,14.15 - 15.15
3ka20,Kamis,31 Juli 2025,Pengantar Akuntansi Keuangan 2,16.45 - 17.45
3ka20,Jum'at,01 Agustus 2025,Pengantar Sain Data,15.30 - 16.30
3ka20,Sabtu,02 Agustus 2025,Terapan Teori Graf,11.45- 12.45
3ka20,Senin,04 Agustus 2025,Sistem Berbasis Pengetahuan **,08.00 - 09.00
3ka21,Selasa,29 Juli 2025,Grafik Komputer dan Pengolahan Citra **,11.45- 12.45
3ka21,Rabu,30 Juli 2025,Pemodelan dan Visualisasi Data,14.15 - 15.15
3ka21,Kamis,31 Juli 2025,Pengantar Akuntansi Keuangan 2,16.45 - 17.45
3ka21,Jum'at,01 Agustus 2025,Pengantar Sain Data,15.30 - 16.30
3ka21,Sabtu,02 Agustus 2025,Terapan Teori Graf,11.45- 12.45
3ka21,Senin,04 Agustus 2025,Sistem Berbasis Pengetahuan **,08.00 - 09.00
3ka22,Selasa,29 Juli 2025,Grafik Komputer dan Pengolahan Citra **,11.45- 12.45
3ka22,Rabu,30 Juli 2025,Pemodelan dan Visualisasi Data,14.15 - 15.15
3ka22,Kamis,31 Juli 2025,Pengantar Akuntansi Keuangan 2,16.45 - 17.45
3ka22,Jum'at,01 Agustus 2025,Pengantar Sain Data,15.30 - 16.30
3ka22,Sabtu,02 Agustus 2025,Terapan Teori Graf,11.45- 12.45
3ka22,Senin,04 Agustus 2025,Sistem Berbasis Pengetahuan **,08.00 - 09.00
3ka23,Selasa,29 Juli 2025,Grafik Komputer dan Pengolahan Citra **,11.45- 12.45
3ka23,Rabu,30 Juli 2025,Pemodelan dan Visualisasi Data,14.15 - 15.15
3ka23,Kamis,31 Juli 2025,Pengantar Akuntansi Keuangan 2,16.45 - 17.45
3ka23,Jum'at,01 Agustus 2025,Pengantar Sain Data,15.30 - 16.30
3ka23,Sabtu,02 Agustus 2025,Terapan Teori Graf,11.45- 12.45
3ka23,Senin,04 Agustus 2025,Sistem Berbasis Pengetahuan **,08.00 - 09.00
3ka24,Selasa,29 Juli 2025,Grafik Komputer dan Pengolahan Citra **,20.15 - 21.15
3ka24,Rabu,30 Juli 2025,Pemodelan dan Visualisasi Data,20.15 - 21.15
3ka24,Kamis,31 Juli 2025,Pengantar Akuntansi Keuangan 2,20.15 - 21.15
3ka24,Jum'at,01 Agustus 2025,Pengantar Sain Data,19.00 - 20.00
3ka24,Jum'at,01 Agustus 2025,Terapan Teori Graf,20.15 - 21.15
3ka24,Senin,04 Agustus 2025,Sistem Berbasis Pengetahuan **,19.00 - 20.00
3ka25,Selasa,29 Juli 2025,Grafik Komputer dan Pengolahan Citra **,11.45- 12.45
3ka25,Rabu,30 Juli 2025,Pemodelan dan Visualisasi Data,14.15 - 15.15
3ka25,Kamis,31 Juli 2025,Pengantar Akuntansi Keuangan 2,16.45 - 17.45
3ka25,Jum'at,01 Agustus 2025,Pengantar Sain Data,15.30 - 16.30
3ka25,Sabtu,02 Agustus 2025,Terapan Teori Graf,11.45- 12.45
3ka25,Senin,04 Agustus 2025,Sistem Berbasis Pengetahuan **,08.00 - 09.00
3ka26,Selasa,29 Juli 2025,Grafik Komputer dan Pengolahan Citra **,11.45- 12.45
3ka26,Rabu,30 Juli 2025,Pemodelan dan Visualisasi Data,14.15 - 15.15
3ka26,Kamis,31 Juli 2025,Pengantar Akuntansi Keuangan 2,16.45 - 17.45
3ka26,Jum'at,01 Agustus 2025,Pengantar Sain Data,15.30 - 16.30
3ka26,Sabtu,02 Agustus 2025,Terapan Teori Graf,11.45- 12.45
3ka26,Senin,04 Agustus 2025,Sistem Berbasis Pengetahuan **,08.00 - 09.00
3ka27,Selasa,29 Juli 2025,Grafik Komputer dan Pengolahan Citra **,11.45- 12.45
3ka27,Rabu,30 Juli 2025,Pemodelan dan Visualisasi Data,14.15 - 15.15
3ka27,Kamis,31 Juli 2025,Pengantar Akuntansi Keuangan 2,16.45 - 17.45
3ka27,Jum'at,01 Agustus 2025,Pengantar Sain Data,15.30 - 16.30
3ka27,Sabtu,02 Agustus 2025,Terapan Teori Graf,11.45- 12.45
3ka27,Senin,04 Agustus 2025,Sistem Berbasis Pengetahuan **,08.00 - 09.00
3ka28,Selasa,29 Juli 2025,Grafik Komputer dan Pengolahan Citra **,11.45- 12.45
3ka28,Rabu,30 Juli 2025,Pemodelan dan Visualisasi Data,14.15 - 15.15
3ka28,Kamis,31 Juli 2025,Pengantar Akuntansi Keuangan 2,16.45 - 17.45
3ka28,Jum'at,01 Agustus 2025,Pengantar Sain Data,15.30 - 16.30
3ka28,Sabtu,02 Agustus 2025,Terapan Teori Graf,11.45- 12.45
3ka28,Senin,04 Agustus 2025,Sistem Berbasis Pengetahuan **,08.00 - 09.00
3ka29,Selasa,29 Juli 2025,Grafik Komputer dan Pengolahan Citra **,11.45- 12.45
3ka29,Rabu,30 Juli 2025,Pemodelan dan Visualisasi Data,14.15 - 15.15
3ka29,Kamis,31 Juli 2025,Pengantar Akuntansi Keuangan 2,16.45 - 17.45
3ka29,Jum'at,01 Agustus 2025,Pengantar Sain Data,15.30 - 16.30
3ka29,Sabtu,02 Agustus 2025,Terapan Teori Graf,11.45- 12.45
3ka29,Senin,04 Agustus 2025,Sistem Berbasis Pengetahuan **,08.00 - 09.00
3ka30,Selasa,29 Juli 2025,Grafik Komputer dan Pengolahan Citra **,11.45- 12.45
3ka30,Rabu,30 Juli 2025,Pemodelan dan Visualisasi Data,14.15 - 15.15
3ka30,Kamis,31 Juli 2025,Pengantar Akuntansi Keuangan 2,16.45 - 17.45
3ka30,Jum'at,01 Agustus 2025,Pengantar Sain Data,15.30 - 16.30
3ka30,Sabtu,02 Agustus 2025,Terapan Teori Graf,11.45- 12.45
3ka30,Senin,04 Agustus 2025,Sistem Berbasis Pengetahuan **,08.00 - 09.00
3ka31,Selasa,29 Juli 2025,Grafik Komputer dan Pengolahan Citra **,11.45- 12.45
3ka31,Rabu,30 Juli 2025,Pemodelan dan Visualisasi Data,14.15 - 15.15
3ka31,Kamis,31 Juli 2025,Pengantar Akuntansi Keuangan 2,16.45 - 17.45
3ka31,Jum'at,01 Agustus 2025,Pengantar Sain Data,15.30 - 16.30
3ka31,Sabtu,02 Agustus 2025,Terapan Teori Graf,11.45- 12.45
3ka31,Senin,04 Agustus 2025,Sistem Berbasis Pengetahuan **,08.00 - 09.00
3ka32,Selasa,29 Juli 2025,Grafik Komputer dan Pengolahan Citra **,11.45- 12.45
3ka32,Rabu,30 Juli 2025,Pemodelan dan Visualisasi Data,14.15 - 15.15
3ka32,Kamis,31 Juli 2025,Pengantar Akuntansi Keuangan 2,16.45 - 17.45
3ka32,Jum'at,01 Agustus 2025,Pengantar Sain Data,15.30 - 16.30
3ka32,Sabtu,02 Agustus 2025,Terapan Teori Graf,11.45- 12.45
3ka32,Senin,04 Agustus 2025,Sistem Berbasis Pengetahuan **,08.00 - 09.00
3ka33,Selasa,29 Juli 2025,Grafik Komputer dan Pengolahan Citra **,11.45- 12.45
3ka33,Rabu,30 Juli 2025,Pemodelan dan Visualisasi Data,14.15 - 15.15
3ka33,Kamis,31 Juli 2025,Pengantar Akuntansi Keuangan 2,16.45 - 17.45
3ka33,Jum'at,01 Agustus 2025,Pengantar Sain Data,15.30 - 16.30
3ka33,Sabtu,02 Agustus 2025,Terapan Teori Graf,11.45- 12.45
3ka33,Senin,04 Agustus 2025,Sistem Berbasis Pengetahuan **,08.00 - 09.00
3ka34,Selasa,29 Juli 2025,Grafik Komputer dan Pengolahan Citra **,11.45- 12.45
3ka34,Rabu,30 Juli 2025,Pemodelan dan Visualisasi Data,14.15 - 15.15
3ka34,Kamis,31 Juli 2025,Pengantar Akuntansi Keuangan 2,16.45 - 17.45
3ka34,Jum'at,01 Agustus 2025,Pengantar Sain Data,15.30 - 16.30
3ka34,Sabtu,02 Agustus 2025,Terapan Teori Graf,11.45- 12.45
3ka34,Senin,04 Agustus 2025,Sistem Berbasis Pengetahuan **,08.00 - 09.00
3ka35,Selasa,29 Juli 2025,Grafik Komputer dan Pengolahan Citra **,11.45- 12.45
3ka35,Rabu,30 Juli 2025,Pemodelan dan Visualisasi Data,14.15 - 15.15
3ka35,Kamis,31 Juli 2025,Pengantar Akuntansi Keuangan 2,16.45 - 17.45
3ka35,Jum'at,01 Agustus 2025,Pengantar Sain Data,15.30 - 16.30
3ka35,Sabtu,02 Agustus 2025,Terapan Teori Graf,11.45- 12.45
3ka35,Senin,04 Agustus 2025,Sistem Berbasis Pengetahuan **,08.00 - 09.00
3ka36,Selasa,29 Juli 2025,Grafik Komputer dan Pengolahan Citra **,11.45- 12.45
3ka36,Rabu,30 Juli 2025,Pemodelan dan Visualisasi Data,14.15 - 15.15
3ka36,Kamis,31 Juli 2025,Pengantar Akuntansi Keuangan 2,16.45 - 17.45
3ka36,Jum'at,01 Agustus 2025,Pengantar Sain Data,15.30 - 16.30
3ka36,Sabtu,02 Agustus 2025,Terapan Teori Graf,11.45- 12.45
3ka36,Senin,04 Agustus 2025,Sistem Berbasis Pengetahuan **,08.00 - 09.00
4ka01,Selasa,29 Juli 2025,Audit Teknologi Sistem Informasi,08.00 - 09.00
4ka01,Rabu,30 Juli 2025,Sistem Informasi Perbankan,08.00 - 09.00
4ka01,Rabu,30 Juli 2025,Etika dan Profesionalisme TSI,10.30 - 11.30
4ka01,Kamis,31 Juli 2025,Pengantar Bisnis Teknologi Informasi,09.15 - 10.15
4ka01,Kamis,31 Juli 2025,Sistem Informasi SDM,11.45- 12.45
4ka01,Jum'at,01 Agustus 2025,Sistem Informasi Geografis,08.00 - 09.00
4ka01,Jum'at,01 Agustus 2025,Bahasa Inggris Bisnis 2,10.30 - 11.30
4ka02,Selasa,29 Juli 2025,Audit Teknologi Sistem Informasi,08.00 - 09.00
4ka02,Rabu,30 Juli 2025,Sistem Informasi Perbankan,08.00 - 09.00
4ka02,Rabu,30 Juli 2025,Etika dan Profesionalisme TSI,10.30 - 11.30
4ka02,Kamis,31 Juli 2025,Pengantar Bisnis Teknologi Informasi,09.15 - 10.15
4ka02,Kamis,31 Juli 2025,Sistem Informasi SDM,11.45- 12.45
4ka02,Jum'at,01 Agustus 2025,Sistem Informasi Geografis,08.00 - 09.00
4ka02,Jum'at,01 Agustus 2025,Bahasa Inggris Bisnis 2,10.30 - 11.30
4ka03,Selasa,29 Juli 2025,Audit Teknologi Sistem Informasi,08.00 - 09.00
4ka03,Rabu,30 Juli 2025,Sistem Informasi Perbankan,08.00 - 09.00
4ka03,Rabu,30 Juli 2025,Etika dan Profesionalisme TSI,10.30 - 11.30
4ka03,Kamis,31 Juli 2025,Pengantar Bisnis Teknologi Informasi,09.15 - 10.15
4ka03,Kamis,31 Juli 2025,Sistem Informasi SDM,11.45- 12.45
4ka03,Jum'at,01 Agustus 2025,Sistem Informasi Geografis,08.00 - 09.00
4ka03,Jum'at,01 Agustus 2025,Bahasa Inggris Bisnis 2,10.30 - 11.30
4ka04,Selasa,29 Juli 2025,Audit Teknologi Sistem Informasi,08.00 - 09.00
4ka04,Rabu,30 Juli 2025,Sistem Informasi Perbankan,08.00 - 09.00
4ka04,Rabu,30 Juli 2025,Etika dan Profesionalisme TSI,10.30 - 11.30
4ka04,Kamis,31 Juli 2025,Pengantar Bisnis Teknologi Informasi,09.15 - 10.15
4ka04,Kamis,31 Juli 2025,Sistem Informasi SDM,11.45- 12.45
4ka04,Jum'at,01 Agustus 2025,Sistem Informasi Geografis,08.00 - 09.00
4ka04,Jum'at,01 Agustus 2025,Bahasa Inggris Bisnis 2,10.30 - 11.30
4ka05,Selasa,29 Juli 2025,Audit Teknologi Sistem Informasi,08.00 - 09.00
4ka05,Rabu,30 Juli 2025,Sistem Informasi Perbankan,08.00 - 09.00
4ka05,Rabu,30 Juli 2025,Etika dan Profesionalisme TSI,10.30 - 11.30
4ka05,Kamis,31 Juli 2025,Pengantar Bisnis Teknologi Informasi,09.15 - 10.15
4ka05,Kamis,31 Juli 2025,Sistem Informasi SDM,11.45- 12.45
4ka05,Jum'at,01 Agustus 2025,Sistem Informasi Geografis,08.00 - 09.00
4ka05,Jum'at,01 Agustus 2025,Bahasa Inggris Bisnis 2,10.30 - 11.30
4ka06,Selasa,29 Juli 2025,Audit Teknologi Sistem Informasi,08.00 - 09.00
4ka06,Rabu,30 Juli 2025,Sistem Informasi Perbankan,08.00 - 09.00
4ka06,Rabu,30 Juli 2025,Etika dan Profesionalisme TSI,10.30 - 11.30
4ka06,Kamis,31 Juli 2025,Pengantar Bisnis Teknologi Informasi,09.15 - 10.15
4ka06,Kamis,31 Juli 2025,Sistem Informasi SDM,11.45- 12.45
4ka06,Jum'at,01 Agustus 2025,Sistem Informasi Geografis,08.00 - 09.00
4ka06,Jum'at,01 Agustus 2025,Bahasa Inggris Bisnis 2,10.30 - 11.30
4ka07,Selasa,29 Juli 2025,Audit Teknologi Sistem Informasi,08.00 - 09.00
4ka07,Rabu,30 Juli 2025,Sistem Informasi Perbankan,08.00 - 09.00
4ka07,Rabu,30 Juli 2025,Etika dan Profesionalisme TSI,10.30 - 11.30
4ka07,Kamis,31 Juli 2025,Pengantar Bisnis Teknologi Informasi,09.15 - 10.15
4ka07,Kamis,31 Juli 2025,Sistem Informasi SDM,11.45- 12.45
4ka07,Jum'at,01 Agustus 2025,Sistem Informasi Geografis,08.00 - 09.00
4ka07,Jum'at,01 Agustus 2025,Bahasa Inggris Bisnis 2,10.30 - 11.30
4ka08,Selasa,29 Juli 2025,Audit Teknologi Sistem Informasi,08.00 - 09.00
4ka08,Rabu,30 Juli 2025,Sistem Informasi Perbankan,08.00 - 09.00
4ka08,Rabu,30 Juli 2025,Etika dan Profesionalisme TSI,10.30 - 11.30
4ka08,Kamis,31 Juli 2025,Pengantar Bisnis Teknologi Informasi,09.15 - 10.15
4ka08,Kamis,31 Juli 2025,Sistem Informasi SDM,11.45- 12.45
4ka08,Jum'at,01 Agustus 2025,Sistem Informasi Geografis,08.00 - 09.00
4ka08,Jum'at,01 Agustus 2025,Bahasa Inggris Bisnis 2,10.30 - 11.30
4ka09,Selasa,29 Juli 2025,Audit Teknologi Sistem Informasi,08.00 - 09.00
4ka09,Rabu,30 Juli 2025,Sistem Informasi Perbankan,08.00 - 09.00
4ka09,Rabu,30 Juli 2025,Etika dan Profesionalisme TSI,10.30 - 11.30
4ka09,Kamis,31 Juli 2025,Pengantar Bisnis Teknologi Informasi,09.15 - 10.15
4ka09,Kamis,31 Juli 2025,Sistem Informasi SDM,11.45- 12.45
4ka09,Jum'at,01 Agustus 2025,Sistem Informasi Geografis,08.00 - 09.00
4ka09,Jum'at,01 Agustus 2025,Bahasa Inggris Bisnis 2,10.30 - 11.30
4ka10,Selasa,29 Juli 2025,Audit Teknologi Sistem Informasi,08.00 - 09.00
4ka10,Rabu,30 Juli 2025,Sistem Informasi Perbankan,08.00 - 09.00
4ka10,Rabu,30 Juli 2025,Etika dan Profesionalisme TSI,10.30 - 11.30
4ka10,Kamis,31 Juli 2025,Pengantar Bisnis Teknologi Informasi,09.15 - 10.15
4ka10,Kamis,31 Juli 2025,Sistem Informasi SDM,11.45- 12.45
4ka10,Jum'at,01 Agustus 2025,Sistem Informasi Geografis,08.00 - 09.00
4ka10,Jum'at,01 Agustus 2025,Bahasa Inggris Bisnis 2,10.30 - 11.30
4ka11,Selasa,29 Juli 2025,Audit Teknologi Sistem Informasi,08.00 - 09.00
4ka11,Rabu,30 Juli 2025,Sistem Informasi Perbankan,08.00 - 09.00
4ka11,Rabu,30 Juli 2025,Etika dan Profesionalisme TSI,10.30 - 11.30
4ka11,Kamis,31 Juli 2025,Pengantar Bisnis Teknologi Informasi,09.15 - 10.15
4ka11,Kamis,31 Juli 2025,Sistem Informasi SDM,11.45- 12.45
4ka11,Jum'at,01 Agustus 2025,Sistem Informasi Geografis,08.00 - 09.00
4ka11,Jum'at,01 Agustus 2025,Bahasa Inggris Bisnis 2,10.30 - 11.30
4ka12,Selasa,29 Juli 2025,Audit Teknologi Sistem Informasi,08.00 - 09.00
4ka12,Rabu,30 Juli 2025,Sistem Informasi Perbankan,08.00 - 09.00
4ka12,Rabu,30 Juli 2025,Etika dan Profesionalisme TSI,10.30 - 11.30
4ka12,Kamis,31 Juli 2025,Pengantar Bisnis Teknologi Informasi,09.15 - 10.15
4ka12,Kamis,31 Juli 2025,Sistem Informasi SDM,11.45- 12.45
4ka12,Jum'at,01 Agustus 2025,Sistem Informasi Geografis,08.00 - 09.00
4ka12,Jum'at,01 Agustus 2025,Bahasa Inggris Bisnis 2,10.30 - 11.30
4ka13,Selasa,29 Juli 2025,Audit Teknologi Sistem Informasi,08.00 - 09.00
4ka13,Rabu,30 Juli 2025,Sistem Informasi Perbankan,08.00 - 09.00
4ka13,Rabu,30 Juli 2025,Etika dan Profesionalisme TSI,10.30 - 11.30
4ka13,Kamis,31 Juli 2025,Pengantar Bisnis Teknologi Informasi,09.15 - 10.15
4ka13,Kamis,31 Juli 2025,Sistem Informasi SDM,11.45- 12.45
4ka13,Jum'at,01 Agustus 2025,Sistem Informasi Geografis,08.00 - 09.00
4ka13,Jum'at,01 Agustus 2025,Bahasa Inggris Bisnis 2,10.30 - 11.30
4ka14,Selasa,29 Juli 2025,Audit Teknologi Sistem Informasi,08.00 - 09.00
4ka14,Rabu,30 Juli 2025,Sistem Informasi Perbankan,08.00 - 09.00
4ka14,Rabu,30 Juli 2025,Etika dan Profesionalisme TSI,10.30 - 11.30
4ka14,Kamis,31 Juli 2025,Pengantar Bisnis Teknologi Informasi,09.15 - 10.15
4ka14,Kamis,31 Juli 2025,Sistem Informasi SDM,11.45- 12.45
4ka14,Jum'at,01 Agustus 2025,Sistem Informasi Geografis,08.00 - 09.00
4ka14,Jum'at,01 Agustus 2025,Bahasa Inggris Bisnis 2,10.30 - 11.30
4ka15,Selasa,29 Juli 2025,Audit Teknologi Sistem Informasi,08.00 - 09.00
4ka15,Rabu,30 Juli 2025,Sistem Informasi Perbankan,08.00 - 09.00
4ka15,Rabu,30 Juli 2025,Etika dan Profesionalisme TSI,10.30 - 11.30
4ka15,Kamis,31 Juli 2025,Pengantar Bisnis Teknologi Informasi,09.15 - 10.15
4ka15,Kamis,31 Juli 2025,Sistem Informasi SDM,11.45- 12.45
4ka15,Jum'at,01 Agustus 2025,Sistem Informasi Geografis,08.00 - 09.00
4ka15,Jum'at,01 Agustus 2025,Bahasa Inggris Bisnis 2,10.30 - 11.30
4ka16,Selasa,29 Juli 2025,Audit Teknologi Sistem Informasi,08.00 - 09.00
4ka16,Rabu,30 Juli 2025,Sistem Informasi Perbankan,08.00 - 09.00
4ka16,Rabu,30 Juli 2025,Etika dan Profesionalisme TSI,10.30 - 11.30
4ka16,Kamis,31 Juli 2025,Pengantar Bisnis Teknologi Informasi,09.15 - 10.15
4ka16,Kamis,31 Juli 2025,Sistem Informasi SDM,11.45- 12.45
4ka16,Jum'at,01 Agustus 2025,Sistem Informasi Geografis,08.00 - 09.00
4ka16,Jum'at,01 Agustus 2025,Bahasa Inggris Bisnis 2,10.30 - 11.30
4ka17,Selasa,29 Juli 2025,Audit Teknologi Sistem Informasi,08.00 - 09.00
4ka17,Rabu,30 Juli 2025,Sistem Informasi Perbankan,08.00 - 09.00
4ka17,Rabu,30 Juli 2025,Etika dan Profesionalisme TSI,10.30 - 11.30
4ka17,Kamis,31 Juli 2025,Pengantar Bisnis Teknologi Informasi,09.15 - 10.15
4ka17,Kamis,31 Juli 2025,Sistem Informasi SDM,11.45- 12.45
4ka17,Jum'at,01 Agustus 2025,Sistem Informasi Geografis,08.00 - 09.00
4ka17,Jum'at,01 Agustus 2025,Bahasa Inggris Bisnis 2,10.30 - 11.30
4ka18,Selasa,29 Juli 2025,Audit Teknologi Sistem Informasi,08.00 - 09.00
4ka18,Rabu,30 Juli 2025,Sistem Informasi Perbankan,08.00 - 09.00
4ka18,Rabu,30 Juli 2025,Etika dan Profesionalisme TSI,10.30 - 11.30
4ka18,Kamis,31 Juli 2025,Pengantar Bisnis Teknologi Informasi,09.15 - 10.15
4ka18,Kamis,31 Juli 2025,Sistem Informasi SDM,11.45- 12.45
4ka18,Jum'at,01 Agustus 2025,Sistem Informasi Geografis,08.00 - 09.00
4ka18,Jum'at,01 Agustus 2025,Bahasa Inggris Bisnis 2,10.30 - 11.30
4ka19,Selasa,29 Juli 2025,Audit Teknologi Sistem Informasi,08.00 - 09.00
4ka19,Rabu,30 Juli 2025,Sistem Informasi Perbankan,08.00 - 09.00
4ka19,Rabu,30 Juli 2025,Etika dan Profesionalisme TSI,10.30 - 11.30
4ka19,Kamis,31 Juli 2025,Pengantar Bisnis Teknologi Informasi,09.15 - 10.15
4ka19,Kamis,31 Juli 2025,Sistem Informasi SDM,11.45- 12.45
4ka19,Jum'at,01 Agustus 2025,Sistem Informasi Geografis,08.00 - 09.00
4ka19,Jum'at,01 Agustus 2025,Bahasa Inggris Bisnis 2,10.30 - 11.30
4ka20,Selasa,29 Juli 2025,Audit Teknologi Sistem Informasi,08.00 - 09.00
4ka20,Rabu,30 Juli 2025,Sistem Informasi Perbankan,08.00 - 09.00
4ka20,Rabu,30 Juli 2025,Etika dan Profesionalisme TSI,10.30 - 11.30
4ka20,Kamis,31 Juli 2025,Pengantar Bisnis Teknologi Informasi,09.15 - 10.15
4ka20,Kamis,31 Juli 2025,Sistem Informasi SDM,11.45- 12.45
4ka20,Jum'at,01 Agustus 2025,Sistem Informasi Geografis,08.00 - 09.00
4ka20,Jum'at,01 Agustus 2025,Bahasa Inggris Bisnis 2,10.30 - 11.30
4ka21,Selasa,29 Juli 2025,Audit Teknologi Sistem Informasi,08.00 - 09.00
4ka21,Rabu,30 Juli 2025,Sistem Informasi Perbankan,08.00 - 09.00
4ka21,Rabu,30 Juli 2025,Etika dan Profesionalisme TSI,10.30 - 11.30
4ka21,Kamis,31 Juli 2025,Pengantar Bisnis Teknologi Informasi,09.15 - 10.15
4ka21,Kamis,31 Juli 2025,Sistem Informasi SDM,11.45- 12.45
4ka21,Jum'at,01 Agustus 2025,Sistem Informasi Geografis,08.00 - 09.00
4ka21,Jum'at,01 Agustus 2025,Bahasa Inggris Bisnis 2,10.30 - 11.30
4ka22,Selasa,29 Juli 2025,Audit Teknologi Sistem Informasi,19.00 - 20.00
4ka22,Rabu,30 Juli 2025,Etika dan Profesionalisme TSI,19.00 - 20.00
4ka22,Rabu,30 Juli 2025,Sistem Informasi Perbankan,20.15 - 21.15
4ka22,Kamis,31 Juli 2025,Pengantar Bisnis Teknologi Informasi,19.00 - 20.00
4ka22,Kamis,31 Juli 2025,Sistem Informasi SDM,20.15 - 21.15
4ka22,Jum'at,01 Agustus 2025,Sistem Informasi Geografis,19.00 - 20.00
4ka22,Jum'at,01 Agustus 2025,Bahasa Inggris Bisnis 2,20.15 - 21.15
4ka23,Selasa,29 Juli 2025,Audit Teknologi Sistem Informasi,08.00 - 09.00
4ka23,Rabu,30 Juli 2025,Sistem Informasi Perbankan,08.00 - 09.00
4ka23,Rabu,30 Juli 2025,Etika dan Profesionalisme TSI,10.30 - 11.30
4ka23,Kamis,31 Juli 2025,Pengantar Bisnis Teknologi Informasi,09.15 - 10.15
4ka23,Kamis,31 Juli 2025,Sistem Informasi SDM,11.45- 12.45
4ka23,Jum'at,01 Agustus 2025,Sistem Informasi Geografis,08.00 - 09.00
4ka23,Jum'at,01 Agustus 2025,Bahasa Inggris Bisnis 2,10.30 - 11.30
4ka24,Selasa,29 Juli 2025,Audit Teknologi Sistem Informasi,08.00 - 09.00
4ka24,Rabu,30 Juli 2025,Sistem Informasi Perbankan,08.00 - 09.00
4ka24,Rabu,30 Juli 2025,Etika dan Profesionalisme TSI,10.30 - 11.30
4ka24,Kamis,31 Juli 2025,Pengantar Bisnis Teknologi Informasi,09.15 - 10.15
4ka24,Kamis,31 Juli 2025,Sistem Informasi SDM,11.45- 12.45
4ka24,Jum'at,01 Agustus 2025,Sistem Informasi Geografis,08.00 - 09.00
4ka24,Jum'at,01 Agustus 2025,Bahasa Inggris Bisnis 2,10.30 - 11.30
4ka25,Selasa,29 Juli 2025,Audit Teknologi Sistem Informasi,08.00 - 09.00
4ka25,Rabu,30 Juli 2025,Sistem Informasi Perbankan,08.00 - 09.00
4ka25,Rabu,30 Juli 2025,Etika dan Profesionalisme TSI,10.30 - 11.30
4ka25,Kamis,31 Juli 2025,Pengantar Bisnis Teknologi Informasi,09.15 - 10.15
4ka25,Kamis,31 Juli 2025,Sistem Informasi SDM,11.45- 12.45
4ka25,Jum'at,01 Agustus 2025,Sistem Informasi Geografis,08.00 - 09.00
4ka25,Jum'at,01 Agustus 2025,Bahasa Inggris Bisnis 2,10.30 - 11.30
4ka26,Selasa,29 Juli 2025,Audit Teknologi Sistem Informasi,08.00 - 09.00
4ka26,Rabu,30 Juli 2025,Sistem Informasi Perbankan,08.00 - 09.00
4ka26,Rabu,30 Juli 2025,Etika dan Profesionalisme TSI,10.30 - 11.30
4ka26,Kamis,31 Juli 2025,Pengantar Bisnis Teknologi Informasi,09.15 - 10.15
4ka26,Kamis,31 Juli 2025,Sistem Informasi SDM,11.45- 12.45
4ka26,Jum'at,01 Agustus 2025,Sistem Informasi Geografis,08.00 - 09.00
4ka26,Jum'at,01 Agustus 2025,Bahasa Inggris Bisnis 2,10.30 - 11.30
4ka27,Selasa,29 Juli 2025,Audit Teknologi Sistem Informasi,08.00 - 09.00
4ka27,Rabu,30 Juli 2025,Sistem Informasi Perbankan,08.00 - 09.00
4ka27,Rabu,30 Juli 2025,Etika dan Profesionalisme TSI,10.30 - 11.30
4ka27,Kamis,31 Juli 2025,Pengantar Bisnis Teknologi Informasi,09.15 - 10.15
4ka27,Kamis,31 Juli 2025,Sistem Informasi SDM,11.45- 12.45
4ka27,Jum'at,01 Agustus 2025,Sistem Informasi Geografis,08.00 - 09.00
4ka27,Jum'at,01 Agustus 2025,Bahasa Inggris Bisnis 2,10.30 - 11.30
4ka28,Selasa,29 Juli 2025,Audit Teknologi Sistem Informasi,08.00 - 09.00
4ka28,Rabu,30 Juli 2025,Sistem Informasi Perbankan,08.00 - 09.00
4ka28,Rabu,30 Juli 2025,Etika dan Profesionalisme TSI,10.30 - 11.30
4ka28,Kamis,31 Juli 2025,Pengantar Bisnis Teknologi Informasi,09.15 - 10.15
4ka28,Kamis,31 Juli 2025,Sistem Informasi SDM,11.45- 12.45
4ka28,Jum'at,01 Agustus 2025,Sistem Informasi Geografis,08.00 - 09.00
4ka28,Jum'at,01 Agustus 2025,Bahasa Inggris Bisnis 2,10.30 - 11.30
4ka29,Selasa,29 Juli 2025,Audit Teknologi Sistem Informasi,08.00 - 09.00
4ka29,Rabu,30 Juli 2025,Sistem Informasi Perbankan,08.00 - 09.00
4ka29,Rabu,30 Juli 2025,Etika dan Profesionalisme TSI,10.30 - 11.30
4ka29,Kamis,31 Juli 2025,Pengantar Bisnis Teknologi Informasi,09.15 - 10.15
4ka29,Kamis,31 Juli 2025,Sistem Informasi SDM,11.45- 12.45
4ka29,Jum'at,01 Agustus 2025,Sistem Informasi Geografis,08.00 - 09.00
4ka29,Jum'at,01 Agustus 2025,Bahasa Inggris Bisnis 2,10.30 - 11.30
4ka30,Selasa,29 Juli 2025,Audit Teknologi Sistem Informasi,08.00 - 09.00
4ka30,Rabu,30 Juli 2025,Sistem Informasi Perbankan,08.00 - 09.00
4ka30,Rabu,30 Juli 2025,Etika dan Profesionalisme TSI,10.30 - 11.30
4ka30,Kamis,31 Juli 2025,Pengantar Bisnis Teknologi Informasi,09.15 - 10.15
4ka30,Kamis,31 Juli 2025,Sistem Informasi SDM,11.45- 12.45
4ka30,Jum'at,01 Agustus 2025,Sistem Informasi Geografis,08.00 - 09.00
4ka30,Jum'at,01 Agustus 2025,Bahasa Inggris Bisnis 2,10.30 - 11.30
4ka31,Selasa,29 Juli 2025,Audit Teknologi Sistem Informasi,08.00 - 09.00
4ka31,Rabu,30 Juli 2025,Sistem Informasi Perbankan,08.00 - 09.00
4ka31,Rabu,30 Juli 2025,Etika dan Profesionalisme TSI,10.30 - 11.30
4ka31,Kamis,31 Juli 2025,Pengantar Bisnis Teknologi Informasi,09.15 - 10.15
4ka31,Kamis,31 Juli 2025,Sistem Informasi SDM,11.45- 12.45
4ka31,Jum'at,01 Agustus 2025,Sistem Informasi Geografis,08.00 - 09.00
4ka31,Jum'at,01 Agustus 2025,Bahasa Inggris Bisnis 2,10.30 - 11.30
4ka32,Selasa,29 Juli 2025,Audit Teknologi Sistem Informasi,08.00 - 09.00
4ka32,Rabu,30 Juli 2025,Sistem Informasi Perbankan,08.00 - 09.00
4ka32,Rabu,30 Juli 2025,Etika dan Profesionalisme TSI,10.30 - 11.30
4ka32,Kamis,31 Juli 2025,Pengantar Bisnis Teknologi Informasi,09.15 - 10.15
4ka32,Kamis,31 Juli 2025,Sistem Informasi SDM,11.45- 12.45
4ka32,Jum'at,01 Agustus 2025,Sistem Informasi Geografis,08.00 - 09.00
4ka32,Jum'at,01 Agustus 2025,Bahasa Inggris Bisnis 2,10.30 - 11.30
1kb01,Jum'at,01 Agustus 2025,Algoritma dan Pemrograman 2,14.15 - 15.15
1kb01,Sabtu,02 Agustus 2025,Teknologi Kecerdasan Artifisial,09.15 - 10.15
1kb01,Senin,04 Agustus 2025,Fisika Dasar 2,11.45- 12.45
1kb01,Senin,04 Agustus 2025,Matematika Dasar 2,15.30 - 16.30
1kb01,Selasa,05 Agustus 2025,Bahasa Inggris,09.15 - 10.15
1kb01,Selasa,05 Agustus 2025,Pengantar Teknologi Informasi **,11.45- 12.45
1kb01,Rabu,06 Agustus 2025,Pendidikan Kewarganegaraan,13.00 - 14.00
1kb01,Kamis,07 Agustus 2025,Agama Khonghucu,09.15 - 10.15
1kb01,Kamis,07 Agustus 2025,Pendidikan Agama Buddha,09.15 - 10.15
1kb01,Kamis,07 Agustus 2025,Pendidikan Agama Hindu,09.15 - 10.15
1kb01,Kamis,07 Agustus 2025,Pendidikan Agama Islam,09.15 - 10.15
1kb01,Kamis,07 Agustus 2025,Pendidikan Agama Katholik,09.15 - 10.15
1kb01,Kamis,07 Agustus 2025,Pendidikan Agama Kristen,09.15 - 10.15
1kb02,Jum'at,01 Agustus 2025,Algoritma dan Pemrograman 2,14.15 - 15.15
1kb02,Sabtu,02 Agustus 2025,Teknologi Kecerdasan Artifisial,09.15 - 10.15
1kb02,Senin,04 Agustus 2025,Fisika Dasar 2,11.45- 12.45
1kb02,Senin,04 Agustus 2025,Matematika Dasar 2,15.30 - 16.30
1kb02,Selasa,05 Agustus 2025,Bahasa Inggris,09.15 - 10.15
1kb02,Selasa,05 Agustus 2025,Pengantar Teknologi Informasi **,11.45- 12.45
1kb02,Rabu,06 Agustus 2025,Pendidikan Kewarganegaraan,13.00 - 14.00
1kb02,Kamis,07 Agustus 2025,Agama Khonghucu,09.15 - 10.15
1kb02,Kamis,07 Agustus 2025,Pendidikan Agama Buddha,09.15 - 10.15
1kb02,Kamis,07 Agustus 2025,Pendidikan Agama Hindu,09.15 - 10.15
1kb02,Kamis,07 Agustus 2025,Pendidikan Agama Islam,09.15 - 10.15
1kb02,Kamis,07 Agustus 2025,Pendidikan Agama Katholik,09.15 - 10.15
1kb02,Kamis,07 Agustus 2025,Pendidikan Agama Kristen,09.15 - 10.15
1kb03,Jum'at,01 Agustus 2025,Algoritma dan Pemrograman 2,14.15 - 15.15
1kb03,Sabtu,02 Agustus 2025,Teknologi Kecerdasan Artifisial,09.15 - 10.15
1kb03,Senin,04 Agustus 2025,Fisika Dasar 2,11.45- 12.45
1kb03,Senin,04 Agustus 2025,Matematika Dasar 2,15.30 - 16.30
1kb03,Selasa,05 Agustus 2025,Bahasa Inggris,09.15 - 10.15
1kb03,Selasa,05 Agustus 2025,Pengantar Teknologi Informasi **,11.45- 12.45
1kb03,Rabu,06 Agustus 2025,Pendidikan Kewarganegaraan,13.00 - 14.00
1kb03,Kamis,07 Agustus 2025,Agama Khonghucu,09.15 - 10.15
1kb03,Kamis,07 Agustus 2025,Pendidikan Agama Buddha,09.15 - 10.15
1kb03,Kamis,07 Agustus 2025,Pendidikan Agama Hindu,09.15 - 10.15
1kb03,Kamis,07 Agustus 2025,Pendidikan Agama Islam,09.15 - 10.15
1kb03,Kamis,07 Agustus 2025,Pendidikan Agama Katholik,09.15 - 10.15
1kb03,Kamis,07 Agustus 2025,Pendidikan Agama Kristen,09.15 - 10.15
1kb04,Jum'at,01 Agustus 2025,Algoritma dan Pemrograman 2,14.15 - 15.15
1kb04,Sabtu,02 Agustus 2025,Teknologi Kecerdasan Artifisial,09.15 - 10.15
1kb04,Senin,04 Agustus 2025,Fisika Dasar 2,11.45- 12.45
1kb04,Senin,04 Agustus 2025,Matematika Dasar 2,15.30 - 16.30
1kb04,Selasa,05 Agustus 2025,Bahasa Inggris,09.15 - 10.15
1kb04,Selasa,05 Agustus 2025,Pengantar Teknologi Informasi **,11.45- 12.45
1kb04,Rabu,06 Agustus 2025,Pendidikan Kewarganegaraan,13.00 - 14.00
1kb04,Kamis,07 Agustus 2025,Agama Khonghucu,09.15 - 10.15
1kb04,Kamis,07 Agustus 2025,Pendidikan Agama Buddha,09.15 - 10.15
1kb04,Kamis,07 Agustus 2025,Pendidikan Agama Hindu,09.15 - 10.15
1kb04,Kamis,07 Agustus 2025,Pendidikan Agama Islam,09.15 - 10.15
1kb04,Kamis,07 Agustus 2025,Pendidikan Agama Katholik,09.15 - 10.15
1kb04,Kamis,07 Agustus 2025,Pendidikan Agama Kristen,09.15 - 10.15
1kb05,Jum'at,01 Agustus 2025,Algoritma dan Pemrograman 2,14.15 - 15.15
1kb05,Sabtu,02 Agustus 2025,Teknologi Kecerdasan Artifisial,09.15 - 10.15
1kb05,Senin,04 Agustus 2025,Fisika Dasar 2,11.45- 12.45
1kb05,Senin,04 Agustus 2025,Matematika Dasar 2,15.30 - 16.30
1kb05,Selasa,05 Agustus 2025,Bahasa Inggris,09.15 - 10.15
1kb05,Selasa,05 Agustus 2025,Pengantar Teknologi Informasi **,11.45- 12.45
1kb05,Rabu,06 Agustus 2025,Pendidikan Kewarganegaraan,13.00 - 14.00
1kb05,Kamis,07 Agustus 2025,Agama Khonghucu,09.15 - 10.15
1kb05,Kamis,07 Agustus 2025,Pendidikan Agama Buddha,09.15 - 10.15
1kb05,Kamis,07 Agustus 2025,Pendidikan Agama Hindu,09.15 - 10.15
1kb05,Kamis,07 Agustus 2025,Pendidikan Agama Islam,09.15 - 10.15
1kb05,Kamis,07 Agustus 2025,Pendidikan Agama Katholik,09.15 - 10.15
1kb05,Kamis,07 Agustus 2025,Pendidikan Agama Kristen,09.15 - 10.15
2kb01,Kamis,31 Juli 2025,Dasar-dasar Telekomunikasi,13.00 - 14.00
2kb01,Jum'at,01 Agustus 2025,Matematika Diskrit 2,09.15 - 10.15
2kb01,Senin,04 Agustus 2025,Elektronika Lanjut,08.00 - 09.00
2kb01,Senin,04 Agustus 2025,Pengolahan Sinyal Digital,10.30 - 11.30
2kb01,Selasa,05 Agustus 2025,Bahasa Inggris Bisnis,10.30 - 11.30
2kb01,Selasa,05 Agustus 2025,Statistika dan Probabilitas Terapan,13.00 - 14.00
2kb02,Kamis,31 Juli 2025,Dasar-dasar Telekomunikasi,13.00 - 14.00
2kb02,Jum'at,01 Agustus 2025,Matematika Diskrit 2,09.15 - 10.15
2kb02,Senin,04 Agustus 2025,Elektronika Lanjut,08.00 - 09.00
2kb02,Senin,04 Agustus 2025,Pengolahan Sinyal Digital,10.30 - 11.30
2kb02,Selasa,05 Agustus 2025,Bahasa Inggris Bisnis,10.30 - 11.30
2kb02,Selasa,05 Agustus 2025,Statistika dan Probabilitas Terapan,13.00 - 14.00
2kb03,Kamis,31 Juli 2025,Dasar-dasar Telekomunikasi,13.00 - 14.00
2kb03,Jum'at,01 Agustus 2025,Matematika Diskrit 2,09.15 - 10.15
2kb03,Senin,04 Agustus 2025,Elektronika Lanjut,08.00 - 09.00
2kb03,Senin,04 Agustus 2025,Pengolahan Sinyal Digital,10.30 - 11.30
2kb03,Selasa,05 Agustus 2025,Bahasa Inggris Bisnis,10.30 - 11.30
2kb03,Selasa,05 Agustus 2025,Statistika dan Probabilitas Terapan,13.00 - 14.00
2kb04,Kamis,31 Juli 2025,Dasar-dasar Telekomunikasi,13.00 - 14.00
2kb04,Jum'at,01 Agustus 2025,Matematika Diskrit 2,09.15 - 10.15
2kb04,Senin,04 Agustus 2025,Elektronika Lanjut,08.00 - 09.00
2kb04,Senin,04 Agustus 2025,Pengolahan Sinyal Digital,10.30 - 11.30
2kb04,Selasa,05 Agustus 2025,Bahasa Inggris Bisnis,10.30 - 11.30
2kb04,Selasa,05 Agustus 2025,Statistika dan Probabilitas Terapan,13.00 - 14.00
3kb01,Selasa,29 Juli 2025,Internet of Things (IoT),11.45- 12.45
3kb01,Rabu,30 Juli 2025,Jaringan Komputer Lanjut,14.15 - 15.15
3kb01,Kamis,31 Juli 2025,Sistem Cerdas Lanjut,16.45 - 17.45
3kb01,Sabtu,02 Agustus 2025,Terapan Teori Graf,11.45- 12.45
3kb02,Selasa,29 Juli 2025,Internet of Things (IoT),11.45- 12.45
3kb02,Rabu,30 Juli 2025,Jaringan Komputer Lanjut,14.15 - 15.15
3kb02,Kamis,31 Juli 2025,Sistem Cerdas Lanjut,16.45 - 17.45
3kb02,Sabtu,02 Agustus 2025,Terapan Teori Graf,11.45- 12.45
3kb03,Selasa,29 Juli 2025,Internet of Things (IoT),11.45- 12.45
3kb03,Rabu,30 Juli 2025,Jaringan Komputer Lanjut,14.15 - 15.15
3kb03,Kamis,31 Juli 2025,Sistem Cerdas Lanjut,16.45 - 17.45
3kb03,Sabtu,02 Agustus 2025,Terapan Teori Graf,11.45- 12.45
3kb04,Selasa,29 Juli 2025,Internet of Things (IoT),11.45- 12.45
3kb04,Rabu,30 Juli 2025,Jaringan Komputer Lanjut,14.15 - 15.15
3kb04,Kamis,31 Juli 2025,Sistem Cerdas Lanjut,16.45 - 17.45
3kb04,Sabtu,02 Agustus 2025,Terapan Teori Graf,11.45- 12.45
3kb05,Selasa,29 Juli 2025,Internet of Things (IoT),11.45- 12.45
3kb05,Rabu,30 Juli 2025,Jaringan Komputer Lanjut,14.15 - 15.15
3kb05,Kamis,31 Juli 2025,Sistem Cerdas Lanjut,16.45 - 17.45
3kb05,Sabtu,02 Agustus 2025,Terapan Teori Graf,11.45- 12.45
4kb01,Selasa,29 Juli 2025,Analisis Kinerja Sistem,08.00 - 09.00
4kb01,Selasa,29 Juli 2025,Sistem Multimedia,10.30 - 11.30
4kb01,Rabu,30 Juli 2025,Computer Vision,10.30 - 11.30
4kb01,Kamis,31 Juli 2025,Kewirausahaan Teknologi Informasi,09.15 - 10.15
4kb01,Kamis,31 Juli 2025,Sistem Waktu Nyata,11.45- 12.45
4kb01,Jum'at,01 Agustus 2025,Pengantar Ubiquitous Computing,08.00 - 09.00
4kb01,Jum'at,01 Agustus 2025,Simulasi dan Pemodelan,10.30 - 11.30
4kb02,Selasa,29 Juli 2025,Analisis Kinerja Sistem,08.00 - 09.00
4kb02,Selasa,29 Juli 2025,Sistem Multimedia,10.30 - 11.30
4kb02,Rabu,30 Juli 2025,Computer Vision,10.30 - 11.30
4kb02,Kamis,31 Juli 2025,Kewirausahaan Teknologi Informasi,09.15 - 10.15
4kb02,Kamis,31 Juli 2025,Sistem Waktu Nyata,11.45- 12.45
4kb02,Jum'at,01 Agustus 2025,Pengantar Ubiquitous Computing,08.00 - 09.00
4kb02,Jum'at,01 Agustus 2025,Simulasi dan Pemodelan,10.30 - 11.30
4kb03,Selasa,29 Juli 2025,Analisis Kinerja Sistem,08.00 - 09.00
4kb03,Selasa,29 Juli 2025,Sistem Multimedia,10.30 - 11.30
4kb03,Rabu,30 Juli 2025,Computer Vision,10.30 - 11.30
4kb03,Kamis,31 Juli 2025,Kewirausahaan Teknologi Informasi,09.15 - 10.15
4kb03,Kamis,31 Juli 2025,Sistem Waktu Nyata,11.45- 12.45
4kb03,Jum'at,01 Agustus 2025,Pengantar Ubiquitous Computing,08.00 - 09.00
4kb03,Jum'at,01 Agustus 2025,Simulasi dan Pemodelan,10.30 - 11.30
4kb04,Selasa,29 Juli 2025,Analisis Kinerja Sistem,08.00 - 09.00
4kb04,Selasa,29 Juli 2025,Sistem Multimedia,10.30 - 11.30
4kb04,Rabu,30 Juli 2025,Computer Vision,10.30 - 11.30
4kb04,Kamis,31 Juli 2025,Kewirausahaan Teknologi Informasi,09.15 - 10.15
4kb04,Kamis,31 Juli 2025,Sistem Waktu Nyata,11.45- 12.45
4kb04,Jum'at,01 Agustus 2025,Pengantar Ubiquitous Computing,08.00 - 09.00
4kb04,Jum'at,01 Agustus 2025,Simulasi dan Pemodelan,10.30 - 11.30
4kb05,Selasa,29 Juli 2025,Analisis Kinerja Sistem,08.00 - 09.00
4kb05,Selasa,29 Juli 2025,Sistem Multimedia,10.30 - 11.30
4kb05,Rabu,30 Juli 2025,Computer Vision,10.30 - 11.30
4kb05,Kamis,31 Juli 2025,Kewirausahaan Teknologi Informasi,09.15 - 10.15
4kb05,Kamis,31 Juli 2025,Sistem Waktu Nyata,11.45- 12.45
4kb05,Jum'at,01 Agustus 2025,Pengantar Ubiquitous Computing,08.00 - 09.00
4kb05,Jum'at,01 Agustus 2025,Simulasi dan Pemodelan,10.30 - 11.30
